"PEB_B","ESI_R_M","PSMLS_R_M","PWB_B","PEB_R_Y","ESI_R_Y","ESI_c","PSMLS_c","ESI_x_PSMLS"
-0.74579434146895,-0.568765633650584,1.22465771091104,-0.0968218355576012,-0.675545551472148,-0.701230387568186,-0.568765633650584,1.22465771091104,-0.696543218951391
1.64422597964876,-0.115256194404279,1.4016401647441,-0.29545458465241,1.41345015980021,-0.164659973779159,-0.115256194404279,1.4016401647441,-0.161547711312591
-0.791569800717867,0.464562428127395,1.22270673354328,-1.01659927096882,-0.664031790400221,0.35823061763931,0.464562428127395,1.22270673354328,0.568023609022583
0.590846284999171,0.356684482400335,-0.304708108110391,-0.958621163140295,0.521409235830531,0.409706929514909,0.356684482400335,-0.304708108110391,-0.10868465382454
-0.211286335479623,-0.136502717601913,0.118398539560872,-0.23572169279857,-0.180997972342444,-0.169739456097643,-0.136502717601913,0.118398539560873,-0.0161617224101567
-0.501986835717767,-0.208181857654944,-1.5805574847204,-0.931287947937514,-0.436540453982051,-0.101373005831937,-0.208181857654944,-1.5805574847204,0.329043393299518
1.29314306291152,-0.107286610798505,-1.11947809285684,0.399001726352994,1.11865141742304,0.0266513099882265,-0.107286610798505,-1.11947809285684,0.120105010445785
-0.102166930984927,1.03652453670114,1.08951053902256,-0.744160537343256,-0.0501098949398033,0.974235511399262,1.03652453670114,1.08951053902256,1.12930440669137
-0.469911822969647,0.796069961184832,0.639766278380519,1.45848364099162,-0.385142331286194,0.755707373587024,0.796069961184832,0.63976627838052,0.509298716397744
-0.212544966409766,1.57622809910495,0.876358246691038,0.0664504181183857,-0.108593696684683,1.54094264376976,1.57622809910495,0.876358246691039,1.38134049331676
0.807070247178184,1.42057268636615,1.30643253975049,1.81001318735398,0.77044586041189,1.37500129551457,1.42057268636615,1.30643253975049,1.8558823825495
0.53075829953464,0.553468865850149,-0.289028298260417,0.68836823919921,0.473867477000779,0.609330543666154,0.553468865850149,-0.289028298260417,-0.159968164436792
-0.848553451316897,0.385210912932222,0.0991899553922878,1.42118093632699,-0.718294058296512,0.355874345700411,0.385210912932222,0.0991899553922881,0.0382090532703696
0.684766229372148,-0.848624737582771,-1.88814561513437,0.404157420092479,0.557718882494933,-0.683564190213197,-0.848624737582771,-1.88814561513437,1.60232707716147
-1.38966592606179,0.150269864181981,-0.721148080275605,0.674809283148092,-1.20431780308726,0.151091095612406,0.150269864181981,-0.721148080275605,-0.108366824078112
-1.03248832365454,-0.824909935794208,-0.245400923212957,-0.0984171420130629,-0.930233282196215,-0.854403909963407,-0.824909935794208,-0.245400923212956,0.202433659811439
-1.80241489585297,-0.682630255268986,-0.387520865785765,-0.415890153999553,-1.60682776509544,-0.74167016703584,-0.682630255268986,-0.387520865785765,0.264533467533395
-1.54736471854082,0.694212725624101,0.330325716523169,-0.430468444894896,-1.33184914056804,0.614833234585222,0.694212725624101,0.330325716523169,0.229316316011283
1.55697202861507,1.49924187860257,-0.213668959570948,-0.426875572207832,1.40967003838612,1.60687137055295,1.49924187860257,-0.213668959570948,-0.320341452346204
0.315042127860935,0.356684482400335,-0.304708108110391,0.522916836954722,0.282530786796477,0.399333928015262,0.356684482400335,-0.304708108110391,-0.10868465382454
1.65265087054093,1.42632611144195,1.52447367927404,0.980011405723786,1.48426746335532,1.40842261527479,1.42632611144195,1.52447367927404,2.17439661495454
-0.311202870046455,0.439535042501366,0.868350706504111,0.205291114409042,-0.243579542026789,0.376488237029191,0.439535042501366,0.868350706504112,0.381670564689376
0.524101919784506,0.553468865850149,-0.289028298260417,0.327705011109017,0.483202707049354,0.609735914496745,0.553468865850149,-0.289028298260417,-0.159968164436792
0.0432237368041026,1.31054659148221,0.937753040295669,1.38734269809495,0.0851039040502299,1.26361917581569,1.31054659148221,0.937753040295669,1.22896905061157
-1.36743778478489,0.652330469620928,-0.0784238280511159,-1.43982275985222,-1.16922427447852,0.619603306531283,0.652330469620928,-0.0784238280511156,-0.0511582525820552
0.704257335951947,1.43218563424914,1.34302883164466,0.962112541360471,0.654572510618893,1.39040392389709,1.43218563424914,1.34302883164466,1.92346659906389
0.118593398336418,-0.784808257880653,0.402546151041938,-0.418920744398952,0.0689076430933081,-0.826735524658526,-0.784808257880653,0.402546151041939,-0.315921543515786
-1.62260245981025,-0.0578432008669834,0.518899963487017,-0.671832414818299,-1.43824635239993,-0.141548547973018,-0.0578432008669834,0.518899963487017,-0.0300148348178499
0.377649647276592,0.0180964906140761,1.32970139026184,-0.606886209092559,0.332450064248149,-0.0466484570855694,0.018096490614076,1.32970139026184,0.0240629287283973
0.598615524239535,0.521892345544711,0.580866961872198,0.471432343298347,0.558547512785713,0.510951392136336,0.521892345544711,0.580866961872199,0.303150021180912
1.96741575592762,1.61724615529311,1.4571218807715,0.0472686616562937,1.77377988177301,1.62268239062095,1.61724615529311,1.4571218807715,2.35652475947116
-1.40296911025328,0.558949182388395,-0.395684031650777,-0.61098583736737,-1.21120156912325,0.538450214279581,0.558949182388395,-0.395684031650777,-0.221167265975346
0.471024644381506,-0.0704863502239247,0.0190590070252184,0.0194719158986586,0.403575501085577,-0.0617024963688702,-0.0704863502239248,0.0190590070252187,-0.00134339984409981
-0.389211266472424,0.713973755259942,0.430809743737614,-1.71775674191734,-0.31136964669579,0.653601622233364,0.713973755259942,0.430809743737614,0.307586850538918
1.00797253829867,1.05028089965074,0.180233951887948,-0.021102165932304,0.92385022120545,1.07459605777157,1.05028089965074,0.180233951887948,0.189296277136483
-1.52459342408837,0.472618506631776,1.36591777419865,-0.557121849793398,-1.31778320651917,0.326519971320332,0.472618506631776,1.36591777419865,0.645558018623565
-0.377939924048125,0.88782148338907,0.00748724925544765,-1.15214719949244,-0.27438426797023,0.883772482028971,0.88782148338907,0.00748724925544795,0.00664734074047551
-1.23322086135962,0.00518056906740389,1.41123658452637,-0.331131798975365,-1.07373231392295,-0.125719976232623,0.00518056906740385,1.41123658452637,0.00731100859658597
-0.320138116611157,0.493498560109758,1.00616192554524,1.60228888048948,-0.268504313347455,0.409849643789877,0.493498560109757,1.00616192554524,0.496539461493839
-0.128577548250862,0.188156737863716,1.42581615371529,-0.330362759331836,-0.112998870872475,0.0750919087637421,0.188156737863716,1.42581615371529,0.268276916276459
0.0523566687354074,-0.197707690052423,0.0772560900762728,1.80876824747538,0.057679866794881,-0.199776039357538,-0.197707690052423,0.0772560900762731,-0.0152741231114618
-0.660544128229748,-0.309982795739963,-0.993605983433379,-0.411602899145435,-0.601431686315654,-0.268587675786557,-0.309982795739963,-0.993605983433378,0.308000760608634
0.898693731448587,1.42452225979106,1.23452517220312,1.30915814855559,0.887554852475332,1.40052089422761,1.42452225979106,1.23452517220312,1.75860858807573
-0.663980379963222,-1.18080464219696,-0.526562875761956,-2.16041143834034,-0.620617902198256,-1.18613503879841,-1.18080464219696,-0.526562875761956,0.621767888108296
0.0938172811541306,-0.380213124589955,0.939534561142084,-2.33735922191317,0.0530979315176336,-0.465610176387183,-0.380213124589955,0.939534561142085,-0.357223371152084
0.1196020541782,0.172816020497193,-0.401923112224889,-0.174474687888978,0.117897404935141,0.208506657339042,0.172816020497193,-0.401923112224889,-0.069458752800552
-1.27625857293952,1.12877270198115,1.31885284267347,0.147099441442384,-1.06779393194399,1.00957624354894,1.12877270198115,1.31885284267347,1.48868508674005
0.590846284999171,0.553468865850149,-0.289028298260417,-0.204827912077221,0.529475814295293,0.611745267005496,0.553468865850149,-0.289028298260417,-0.159968164436792
-0.532402252719092,0.32095637165228,0.506405898673499,-1.18131283111326,-0.44877579005045,0.265521566035715,0.32095637165228,0.5064058986735,0.162534199821559
-1.46800274824479,-0.272929139652946,-0.354875818066232,-0.36386421684024,-1.2979767874731,-0.281236965232759,-0.272929139652946,-0.354875818066232,0.096855951708452
-1.55055747276313,-1.41554332811936,-0.182159857774283,-1.75837075021412,-1.41670734590187,-1.50746937310722,-1.41554332811936,-0.182159857774283,0.257855171323557
-0.450192056842497,1.13178312033792,0.827717052735686,-1.17539879315902,-0.346883637410511,1.08473684140099,1.13178312033792,0.827717052735687,0.936796188702098
0.700643023105762,-0.727958354817528,-1.11441042114179,-1.53395540912424,0.57480567834178,-0.623380969993788,-0.727958354817528,-1.11441042114179,0.811244376765885
-1.15878804011964,-0.862380437861266,0.1315374428988,-1.45182764053678,-1.04054142480049,-0.940100024308516,-0.862380437861266,0.1315374428988,-0.113435317602218
0.590846284999171,0.244817585186581,-1.88860144184462,-0.216163879553097,0.521409235830531,0.409706929514909,0.244817585186581,-1.88860144184462,-0.462362844372295
-0.714012179969727,-0.0264420766286975,-0.128223154609632,1.12171281854118,-0.607596693425073,-0.0222807813772091,-0.0264420766286975,-0.128223154609631,0.00339048647976121
1.07082957754298,0.480553098689526,1.44911434058457,0.351091628216306,0.937845391086334,0.427790155023305,0.480553098689526,1.44911434058457,0.696376386723345
-0.668940181007009,-0.734196679109835,0.335922662511744,-1.11257727279192,-0.624804281463501,-0.798658789443513,-0.734196679109835,0.335922662511745,-0.246633303253857
-0.0826320498449461,-0.00086395588295513,1.4107549558514,0.997659903168695,-0.0786196079200346,-0.106062896808953,-0.00086395588295517,1.4107549558514,-0.00121883004351598
0.373064148323878,0.356684482400335,-0.304708108110391,0.55016699792857,0.34945073690147,0.402239844164695,0.356684482400335,-0.304708108110391,-0.10868465382454
-0.991873194589393,-0.264256745735885,-0.680744042037891,-2.13739706425108,-0.874134508877643,-0.242530639235122,-0.264256745735885,-0.680744042037891,0.179891205228026
-1.00963176265272,0.417529328755139,0.55677771954522,-0.105533839462029,-0.861419425094734,0.349659303487789,0.417529328755139,0.556777719545221,0.232471027507533
-1.03757205061863,-1.18123897077217,-0.687815289609078,-1.66448785270633,-0.950509627809661,-1.20149076627608,-1.18123897077217,-0.687815289609078,0.812474224779189
2.01281442154666,-0.533458415432149,-0.375634830712218,-0.0770906053154008,1.73257913086591,-0.43640395276074,-0.533458415432149,-0.375634830712218,0.200385561572863
-0.222343262684054,1.34760517794994,1.37735443105293,-0.462340885586806,-0.111775838561266,1.27862437655927,1.34760517794994,1.37735443105293,1.85612996315923
0.45060260686473,-0.56462597857845,1.28326997455668,-0.544348590513037,0.367228486958751,-0.655949213363557,-0.56462597857845,1.28326997455668,-0.724567565164408
-0.531379968890282,-0.266424628873638,0.071780713853324,-0.461703725303096,-0.451187090140255,-0.282364988568414,-0.266424628873638,0.0717807138533243,-0.0191241500486567
-1.6775435434076,-0.95062639079508,-0.222318326522867,0.49676891795383,-1.51132035967082,-1.02083292427618,-0.95062639079508,-0.222318326522866,0.211341668350035
0.122941374000993,0.356684482400335,-0.304708108110391,0.439659193536052,0.136050356100279,0.392973196298256,0.356684482400335,-0.304708108110391,-0.10868465382454
-0.636765428568676,0.704232520694122,1.46693715123091,1.92701529358092,-0.524260926917638,0.610874596915936,0.704232520694122,1.46693715123091,1.0330648477112
0.556287353446359,0.0548117438066568,-2.07271395256734,-0.00831507853661524,0.486838907162594,0.224527486222356,0.0548117438066567,-2.07271395256733,-0.113609066152604
-0.860735992972786,-1.51925912720472,1.18989510309789,0.398345732584528,-0.833131300941839,-1.65923131348373,-1.51925912720472,1.18989510309789,-1.80775899579767
0.590846284999171,0.232815866111144,-2.05853055680535,-0.0177761462697947,0.521409235830531,0.409706929514909,0.232815866111144,-2.05853055680535,-0.479258574498893
-0.803208071687955,-0.785872913801899,-0.395747256649835,-0.351189600974633,-0.745035188783398,-0.803879668040887,-0.785872913801899,-0.395747256649835,0.311007049712513
-0.274600524033377,-0.0202210530686891,-0.628954024833419,0.232407922504449,-0.225392584276402,0.00992144423034283,-0.0202210530686892,-0.628954024833418,0.0127181127139222
2.01281442154666,1.62311049489176,1.54015348912401,1.57621184073913,1.81486139393832,1.62446630452789,1.62311049489176,1.54015348912401,2.49983929194135
-1.42180683673782,-0.612663737148545,-0.713862464060143,0.0444919947289635,-1.2657088795959,-0.62480122345112,-0.612663737148545,-0.713862464060143,0.437357645041156
-0.124909357357819,0.694719192037768,0.743427816538726,1.33155997134592,-0.0536786157533703,0.646914536749116,0.694719192037768,0.743427816538726,0.516473572044186
0.590846284999171,-1.42960798283215,-1.76485449251701,-0.871660483226427,0.45306526570243,-1.3020599816367,-1.42960798283215,-1.76485449251701,2.5230500710395
-1.49287718690966,-1.94925819600115,-0.781682845585017,-1.53052336330234,-1.38686824476187,-1.9903432886611,-1.94925819600115,-0.781682845585017,1.5237016934301
-1.63092319520359,-1.81656341279038,1.09710692854495,-0.124044170121313,-1.50395894939135,-1.99542780783655,-1.81656341279038,1.09710692854495,-1.99296430631359
1.63846005703169,1.5119757511789,1.28360524508056,1.98930311343457,1.48592686368894,1.50812645151534,1.5119757511789,1.28360524508056,1.94078000464785
-0.727631682454246,1.01861841534244,1.21463920105922,1.25558221226743,-0.59213310761458,0.905812277155079,1.01861841534244,1.21463920105922,1.23725385819575
-1.38905306806518,-0.373905255123262,0.245626759072572,-1.56531340220316,-1.23416008005025,-0.463307446636327,-0.373905255123262,0.245626759072572,-0.0918411360161303
-0.562836950956598,-0.673732976710018,1.19201197534009,-0.997187219719622,-0.512207426773208,-0.793769410149211,-0.673732976710018,1.1920119753401,-0.803097776419871
-1.23419466144473,0.864517746707445,1.2453429353308,0.500426219003122,-1.04556028851784,0.723776578208062,0.864517746707445,1.2453429353308,1.07662106833022
0.266187157790144,0.81355052041326,-0.0802004744172886,0.945905855581479,0.290044054359331,0.845518538491342,0.81355052041326,-0.0802004744172883,-0.0652471376995752
-0.668430438790557,-1.20207539132556,-1.2336608743955,-1.29377488633798,-0.639005698543664,-1.1635118325209,-1.20207539132556,-1.2336608743955,1.482953378352
-0.509003275558889,1.28219658622874,0.829908381382826,0.0251189707369748,-0.401508512924215,1.22115654722008,1.28219658622874,0.829908381382826,1.06410569349168
0.781831678467953,0.130243634789506,-0.711138633764117,0.926309427033322,0.688971053990886,0.211972739321808,0.130243634789506,-0.711138633764116,-0.092621280500682
-0.187250287994458,0.624642642698773,1.06821151236018,0.453661982629696,-0.128297840807406,0.541618011641798,0.624642642698773,1.06821151236018,0.667250462041917
0.517328597340202,1.33537619436936,1.20420753904052,1.07469817828986,0.519166410905226,1.30602226417271,1.33537619436936,1.20420753904052,1.60807008071482
0.946853636352929,1.08119336728983,0.111430335182232,1.75076130070977,0.869578285596138,1.13756019739079,1.08119336728983,0.111430335182232,0.120477739313912
-1.02798208650442,-0.813145947439981,-0.78189881038003,-0.59994791385899,-0.935835428019373,-0.812164932683749,-0.813145947439981,-0.78189881038003,0.635797848968663
1.20173857247,0.337467821177646,-0.576791649938591,-0.729869277921103,1.06512920956321,0.433317297573341,0.337467821177645,-0.576791649938591,-0.194648621378236
2.18612737239434,1.24832198913746,1.51029028351206,2.27515121732034,1.97443810269262,1.24602940016676,1.24832198913746,1.51029028351206,1.88532857088875
-1.18150046376684,-1.05721232757852,-0.206006964893192,-0.538960345506441,-1.06883541412537,-1.10145246501102,-1.05721232757852,-0.206006964893191,0.217793102852117
2.46912577208836,1.62311049489176,1.54015348912401,2.26348463837716,2.23930129405191,1.64289708276762,1.62311049489176,1.54015348912401,2.49983929194135
0.442630306325362,-1.42870379401312,1.04763225429787,-0.361175833066864,0.325746969385241,-1.51259897645768,-1.42870379401312,1.04763225429787,-1.49675617644588
2.01281442154666,0.356684482400335,-0.304708108110391,0.223628033908071,1.76852310297386,0.463861308306406,0.356684482400335,-0.304708108110391,-0.10868465382454
0.147180548486154,0.950322408900689,1.21325105915364,-0.103766311639734,0.164469987342043,0.902961972527698,0.950322408900689,1.21325105915364,1.1529796691362
1.34544140940632,0.752323501759059,-0.273183530377037,-0.0416217147998951,1.2015448642163,0.845939390227233,0.752323501759059,-0.273183530377037,-0.205522390196155
-0.660790859911077,0.400853574501633,0.320670196632071,-0.393112851013939,-0.54286081385483,0.363492317581275,0.400853574501633,0.320670196632072,0.128541794556107
-0.521188301250931,0.204102074008865,0.419704333542124,0.808739749587642,-0.448611035633529,0.139020182326635,0.204102074008865,0.419704333542125,0.0856625249464561
0.726953701985421,0.192113766963274,0.319966812534777,1.1259982485859,0.646844901180665,0.211174050080971,0.192113766963274,0.319966812534777,0.0614700296592877
-1.42864678896829,0.532744443715568,-1.19684527064787,1.2506044974894,-1.22101236538234,0.556931779578436,0.532744443715568,-1.19684527064787,-0.63761266792491
0.899372574342017,0.212603528876102,1.04378564354441,0.503072686159905,0.795073465371687,0.200974621034195,0.212603528876102,1.04378564354441,0.221912511207754
0.590846284999171,-1.4589489236262,-0.726726322796244,-0.284238178718742,0.449080460769901,-1.40186479569877,-1.4589489236262,-0.726726322796244,1.06025658641441
-1.08297394307201,0.835669050191671,1.39484569718295,0.531250675429957,-0.91765200558233,0.689988964922778,0.835669050191671,1.39484569718295,1.16562937892882
1.12326867114517,0.717099262789832,1.24455128617151,-0.0460269858148904,1.01923558939223,0.69121279852278,0.717099262789832,1.24455128617151,0.892466809817729
0.332081062031048,0.685239508019524,-0.579942890639071,-0.469384781907657,0.328719837410791,0.745141709127754,0.685239508019524,-0.579942890639071,-0.397399781060937
0.590846284999171,-0.864023145895973,-1.50225539021383,-1.18236806737713,0.475070944866067,-0.750898066706571,-0.864023145895973,-1.50225539021383,1.29798342819174
0.912258546530794,-0.523367774324323,0.366205013092468,-0.388621703550471,0.762205960460426,-0.534449815210156,-0.523367774324323,0.366205013092469,-0.191659902648615
-0.426846679507309,-0.312377707753658,0.0642082982129584,-0.917382233644594,-0.381137633962247,-0.342219510226275,-0.312377707753658,0.0642082982129587,-0.0200572410145273
0.636244950618209,-1.54568543443073,-0.60867935388691,0.303528454235517,0.485947322996438,-1.50564247403994,-1.54568543443073,-0.60867935388691,0.940826811541706
3.43478255809415,1.62311049489176,1.54015348912401,-0.0503735993902819,3.06197526108164,1.67862068331938,1.62311049489176,1.54015348912401,2.49983929194135
0.458638568167829,1.32123775629808,-0.227852355332929,0.401318997871047,0.457377203416452,1.38184096132929,1.32123775629808,-0.227852355332929,-0.301047134727312
-0.241654132634345,0.350506964737842,-0.392173920503057,-0.636790654712884,-0.192983260999934,0.378685318017829,0.350506964737842,-0.392173920503057,-0.137459690524866
0.460978541621848,-0.124732572172146,-0.343067492843557,0.0618849944045131,0.39151858753282,-0.085647726557322,-0.124732572172147,-0.343067492843557,0.0427916908110264
-1.09163667614646,-0.153274595086444,-0.902289196973648,0.0331244346810043,-0.951373043086311,-0.144991723283566,-0.153274595086444,-0.902289196973648,0.138298011317008
-0.259226193491668,0.317704288802533,-0.856618193443828,1.07479090188214,-0.188594670138882,0.378875887153577,0.317704288802533,-0.856618193443828,-0.272151273923382
-1.3798913709991,1.62311049489176,1.54015348912401,-0.773503205555436,-1.14046798737587,1.4961347776434,1.62311049489176,1.54015348912401,2.49983929194135
-0.981855343847867,-0.570060865242876,0.15374840617583,-0.951321415368448,-0.900822442678148,-0.626966267572128,-0.570060865242876,0.153748406175831,-0.0876459494543071
0.590846284999171,-0.913689474231322,-0.888488860391488,-1.10747872158336,0.470989171333835,-0.853131590135089,-0.913689474231322,-0.888488860391488,0.811802919711485
0.735448905393297,0.139648179566827,0.923246575764447,1.08500745460562,0.633139368829706,0.105200327990703,0.139648179566827,0.923246575764448,0.128929703596812
0.276897535601432,-0.000923306602608333,0.0929358999262469,0.780759430157126,0.255734721699037,0.0105123042947214,-0.000923306602608373,0.0929358999262472,-8.58083300212551e-05
0.877446509137036,0.782591042411696,0.155366443406863,0.887012041282211,0.800124183926209,0.828508193166641,0.782591042411696,0.155366443406863,0.121588386901575
-0.221134182363032,0.268407836566929,0.796432849198388,-0.59783452784248,-0.181165979396238,0.194489612491071,0.268407836566929,0.796432849198388,0.213768818024174
0.154416191498521,-0.662004297512708,1.35807519204513,-0.786991303034475,0.0864423629407561,-0.767773782701132,-0.662004297512708,1.35807519204513,-0.89905161347927
2.02215885593501,0.356684482400335,-0.304708108110391,-0.434298519652197,1.7764770104897,0.464206696912721,0.356684482400335,-0.304708108110391,-0.10868465382454
3.43478255809415,1.62311049489176,1.54015348912401,2.52934573261024,3.06197526108164,1.67862068331938,1.62311049489176,1.54015348912401,2.49983929194135
-1.17896738554546,-0.479165443745675,0.208834701876833,0.0372835672014958,-1.04538766792404,-0.55474201671152,-0.479165443745675,0.208834701876833,-0.100066372594309
0.845009730855825,1.42621389215832,1.38630485650358,0.0564972684780564,0.823063749569587,1.37728616233849,1.42621389215832,1.38630485650358,1.97716724511196
-1.31322237894496,0.44012665230861,0.876727150771414,0.241400920011833,-1.1323033553894,0.337896503509208,0.44012665230861,0.876727150771414,0.385870985857088
0.989916927572057,-1.48617373028817,0.204783681303369,-2.59434571560435,0.784654895276129,-1.48934916796027,-1.48617373028817,0.20478368130337,-0.304344127544773
0.850551625732311,0.327395105409485,-0.719408525485818,0.168793200138539,0.748071583493478,0.419549461906303,0.327395105409484,-0.719408525485818,-0.235530830033911
0.586342543838615,-0.783973563697411,-0.478160253016258,-1.10747872158336,0.47169566416802,-0.732004260401597,-0.783973563697411,-0.478160253016258,0.374864997575611
-0.462169888874992,-1.27137727930499,-1.61454994373312,-1.30224383970099,-0.459553626662819,-1.22173585564637,-1.27137727930499,-1.61454994373312,2.05270211476543
-1.14978107079327,1.07433464620203,1.33129827159817,-0.360298964711477,-0.964295092439369,0.955870234361658,1.07433464620203,1.33129827159817,1.4302598576068
0.982909621200728,0.0915971683350631,0.0859297149143182,0.449223900872297,0.880307335861458,0.139689875821345,0.091597168335063,0.0859297149143185,0.00787091856199081
1.48738007840745,-1.57790077216737,-1.59871811643896,-1.26833043505845,1.25835258286412,-1.38377169086344,-1.57790077216737,-1.59871811643896,2.52261855040699
-0.350281281819827,-0.39026086656116,-0.113776263985738,0.23528068272299,-0.315076298649667,-0.402963083587636,-0.39026086656116,-0.113776263985737,0.0444024233771652
0.135438901294092,0.296156227123677,-1.16171140777352,0.430145703742843,0.165093405294053,0.394234354824945,0.296156227123677,-1.16171140777352,-0.34404806753274
1.44090310349398,0.320242837099513,-0.82067557033462,0.626519681017314,1.27407088608138,0.442390331715293,0.320242837099513,-0.820675570334619,-0.262815472982219
-0.689571151058969,-0.41077122998376,-0.36144984699773,0.591981157804209,-0.621253753185568,-0.413138286368429,-0.41077122998376,-0.36144984699773,0.148473198228699
0.295687921083776,0.436314406691925,0.822750589615112,-1.15215327031708,0.282540230163526,0.399334338081825,0.436314406691925,0.822750589615113,0.35897793536335
0.545447619380132,-1.02019444436415,-0.913758254301308,-1.22937821851062,0.425789977829453,-0.958048386923684,-1.02019444436415,-0.913758254301307,0.93221109453008
-0.618513967522193,-0.955916115697604,0.934663429568972,-1.79692660111845,-0.591038121532341,-1.05937262230002,-0.955916115697604,0.934663429568972,-0.893459835078173
0.850113998473728,0.267353401849948,0.53067508551645,-0.179500918640172,0.750951681979977,0.259417930755054,0.267353401849948,0.530675085516451,0.141877789389835
-0.902292269881614,0.340816148130891,-0.529383588461066,-1.45475596014747,-0.776467521293258,0.353348234946834,0.340816148130891,-0.529383588461066,-0.180422475503009
1.39453324972871,-0.63216026722409,-1.92823069666334,-0.0600317495715191,1.19189543915728,-0.46091306091918,-0.63216026722409,-1.92823069666334,1.21895083247239
-1.53613186502141,-0.833028349466842,-1.06340839733851,-2.28498787896803,-1.37168716061039,-0.831091255648733,-0.833028349466842,-1.06340839733851,0.885849342044079
-0.921205906470585,0.669840193244408,1.17439198941094,-0.427480802846647,-0.779594084066196,0.557192236039435,0.669840193244408,1.17439198941094,0.786654957131706
1.17654273812904,0.73502432752332,0.181368735386099,1.79842100430812,1.04900962656087,0.794561976755249,0.73502432752332,0.181368735386099,0.133310432760922
0.561480450446153,0.666451327204874,1.01710456185459,1.13243879534059,0.543611494707991,0.633691177091236,0.666451327204874,1.01710456185459,0.677850685154126
1.32764065687713,1.50015815525567,-0.200695644686535,2.2930941615294,1.21362639732698,1.59835841766445,1.50015815525567,-0.200695644686534,-0.301075208100798
-0.0873012977556679,0.629207295826919,0.783331777289734,0.537697478975815,-0.0393610845439306,0.587044227507906,0.629207295826919,0.783331777289734,0.492878069323768
1.94791809055424,1.62311049489176,1.54015348912401,0.654674495326773,1.75880581959322,1.62203216047221,1.62311049489176,1.54015348912401,2.49983929194135
-1.27799857486951,0.053451200350651,0.678559868445375,-0.495534849050651,-1.11424664863755,-0.046685732081845,0.0534512003506509,0.678559868445376,0.0362698394781851
1.73024637682028,1.62311049489176,1.54015348912401,2.08293755728636,1.57787076640978,1.61417527934459,1.62311049489176,1.54015348912401,2.49983929194135
-0.0480574108813744,1.01782482403009,-0.252028344304114,1.40843989611071,0.0041083534774899,1.05612227588931,1.01782482403009,-0.252028344304114,-0.256520705191929
-0.63736413508306,0.340772650061956,-0.529999465929134,-0.558508359142141,-0.532693463566006,0.363933822205138,0.340772650061956,-0.529999465929134,-0.180609322536092
-0.00631072889904427,-0.395085657270436,-0.588020357165255,0.258392700614115,-0.0113035593960108,-0.366350454101741,-0.395085657270436,-0.588020357165255,0.232318409299031
1.14518226738393,-0.0783816043144395,-0.739367064348879,-0.868899580268001,0.994494620076539,0.0245822532929564,-0.0783816043144395,-0.739367064348878,0.0579527766809225
0.545447619380132,-0.34641114357618,-0.682070229533665,-0.456101286332286,0.452541987775329,-0.288008215913467,-0.34641114357618,-0.682070229533665,0.236276728212024
-1.04654628094083,1.62311049489176,1.54015348912401,0.376950593775386,-0.845620458471605,1.50893816728304,1.62311049489176,1.54015348912401,2.49983929194135
-1.60281023777253,-0.983128096978507,1.08313579416618,1.31746161216598,-1.46840919676541,-1.14132733623665,-0.983128096978507,1.08313579416618,-1.0648612320879
-0.375094631988065,0.420362436167836,0.59689092601192,0.115284853343685,-0.310269830400402,0.3735922936567,0.420362436167836,0.59689092601192,0.250910523784847
0.880082479962895,-0.567332062627771,-1.44542393851872,-1.28961509058765,0.748261528190599,-0.453433342924407,-0.567332062627771,-1.44542393851872,0.820035344411385
-0.178914945260306,-0.588933176234322,0.645555448951978,0.901448246814588,-0.194528739937001,-0.659010741225069,-0.588933176234322,0.645555448951978,-0.380189020986662
-0.529518001083975,-1.93460782766663,-0.574252217581944,-1.56599698566793,-0.540664124573077,-1.95359792028138,-1.93460782766663,-0.574252217581943,1.11095283518895
0.563323450821025,0.109288008888745,1.33255829445811,1.21639382223868,0.493698370869476,0.0207127950461812,0.109288008888745,1.33255829445811,0.145632642729509
1.14420202917218,1.61138181569445,1.37409027241898,0.933272600259507,1.06648164543444,1.59196883862032,1.61138181569445,1.37409027241898,2.21418407809858
0.470404481516239,-4.76014650832788,-1.07218809679611,-5.11363689978611,0.187675196208294,-4.76821249915801,-4.76014650832788,-1.07218809679611,5.10377242523469
2.86080284818301,1.17960505031624,1.50481490728911,1.84668048937125,2.54563258054007,1.21034078427611,1.17960505031624,1.50481490728911,1.77508726442941
-1.20505890000952,1.0224494389707,1.26888163503477,-0.322044933238015,-1.00679742259335,0.887805991621492,1.0224494389707,1.26888163503477,1.29736731586152
1.67851380429747,1.5956142789388,1.15084195697711,1.37026756646868,1.53709452015575,1.61240462123269,1.5956142789388,1.15084195697711,1.83629985935456
0.562709905647922,-0.00862764558609814,1.41013634386531,-0.288428844902972,0.490800624610711,-0.100376900465455,-0.00862764558609818,1.41013634386531,-0.0121661566029462
-2.10338276775703,-0.629878601460188,-0.899776481795476,-1.62266849240525,-1.87723581745675,-0.696375357779604,-0.629878601460188,-0.899776481795476,0.566749951980103
1.65310432784977,1.30072999330236,1.06317072117658,0.181097957091892,1.47078766409383,1.30578099419083,1.30072999330236,1.06317072117658,1.38289804503528
1.59942746080899,0.480553098689526,1.44911434058457,-0.20607042442575,1.39662566974913,0.44771212177176,0.480553098689526,1.44911434058457,0.696376386723345
0.454664497761753,0.402497594641143,1.23954239827713,1.58320931140702,0.411556259123293,0.34464679333331,0.402497594641143,1.23954239827713,0.49891283376226
-0.914299236368974,0.125602806125354,-0.621744007334886,0.0891384735339261,-0.790696322083715,0.148750598635141,0.125602806125354,-0.621744007334886,-0.078092792012884
0.281945486886327,0.13389253671111,-0.504371939813048,-0.394101269284664,0.243601483935052,0.193663702920184,0.13389253671111,-0.504371939813047,-0.0675316384674723
-0.97693992014921,0.627788928175308,1.11275892286703,-0.793236113753842,-0.825838080206137,0.511328188601626,0.627788928175308,1.11275892286703,0.698577731504204
0.0805259172671209,0.986339483560508,-0.697820818415834,0.139615765948352,0.145793428725359,1.06227477522097,0.986339483560508,-0.697820818415834,-0.688288225654045
-0.277019195960244,1.25796357203382,0.193244199465066,0.586643452269363,-0.181991466214128,1.25202088937543,1.25796357203382,0.193244199465066,0.24309416343389
-0.71613123686413,-0.0744860795143971,0.213256220818056,0.263469625510844,-0.621593426568142,-0.130671450900141,-0.0744860795143971,0.213256220818056,-0.0158846198207936
-0.424361165193947,-1.09013389546462,-1.63466090831761,-1.03399912832353,-0.407641159163275,-1.02008527652928,-1.09013389546462,-1.6346609083176,1.78199926374801
-0.929975246950515,0.0372712377906571,-0.710531091763604,-0.70788085930464,-0.799560750846363,0.0452788074171415,0.0372712377906571,-0.710531091763604,-0.0264823732787765
-0.725095350774075,0.347829048801433,-0.430089812564274,0.455444705876242,-0.62674632258091,0.359849693010755,0.347829048801433,-0.430089812564274,-0.149597730403418
-0.732445805682126,-0.985454085685219,0.572397236248673,0.290464553965798,-0.673644449804624,-1.08319186152293,-0.985454085685219,0.572397236248674,-0.564071195096183
-1.06842986740734,0.867416701369124,0.0394114268908935,0.347972319551572,-0.882998516484423,0.857476946963585,0.867416701369124,0.0394114268908938,0.0341861299099495
-0.109965855212327,0.0581106039120319,-0.415472107372342,-0.210898612195002,-0.092548791788299,0.0759799281805922,0.0581106039120318,-0.415472107372342,-0.0241433350680113
3.28974161683753,1.26710225028279,1.51178669760005,2.07188576865808,2.91639626981253,1.3049425565277,1.26710225028279,1.51178669760005,1.91558832647661
0.590846284999171,-1.90660422737276,-0.177756766910305,-0.221838192342534,0.428732653901603,-1.91150306292805,-1.90660422737276,-0.177756766910304,0.338911803235301
-1.18606460429502,0.110446624104011,0.0319840908805584,-0.162926099037625,-1.03471048202953,0.056399806512424,0.110446624104011,0.0319840908805587,0.00353253486279359
0.0103015772258888,0.34165153113894,-0.51755562495694,-0.721172455551859,0.0423843675983283,0.388905866477905,0.34165153113894,-0.51755562495694,-0.176823671716109
0.831147417137971,1.0890981279783,1.49760330183807,1.12365718396604,0.769433595559157,1.02803508562439,1.0890981279783,1.49760330183807,1.63103695248596
1.93181612306109,1.55319624428876,0.550256404095142,2.34674011084623,1.75073353404605,1.62168163144616,1.55319624428876,0.550256404095142,0.854656180236412
1.82688307645156,0.188841678976249,0.567193644577464,-0.209901743758665,1.60526191927322,0.231460039276584,0.188841678976249,0.567193644577464,0.107109800146666
2.39949110449491,-0.547650422509589,-1.2245835050777,-0.550983121251364,2.08628321411231,-0.350312071792259,-0.547650422509589,-1.2245835050777,0.670643673954075
1.12076395384999,1.55217670558507,0.535821029587829,0.707926228695455,1.03736283546007,1.59070439027533,1.55217670558507,0.535821029587829,0.831688920488839
-0.561833394654997,0.334984480535453,0.171266627925617,0.329673387949666,-0.461131679426865,0.308840985848912,0.334984480535453,0.171266627925618,0.0573716623887218
0.904669153012817,-1.32088771168444,-1.61311253289326,-0.0624696623605263,0.726421007015902,-1.20661927096774,-1.32088771168444,-1.61311253289326,2.13074052226287
2.59520933144747,-0.454939469830616,-0.986816084898622,0.263682912396933,2.24749913650147,-0.288566236662031,-0.454939469830616,-0.986816084898622,0.448941586484103
-0.55484330018014,-2.29767799107337,-0.957009537466517,-1.27857133304668,-0.587852702102717,-2.30082282011785,-2.29767799107337,-0.957009537466517,2.19889975148412
0.590846284999171,0.356684482400335,-0.304708108110391,0.646619944506168,0.521409235830531,0.409706929514909,0.356684482400335,-0.304708108110391,-0.10868465382454
1.52538526392286,-3.46439206713968,-0.422607331099621,-2.22949077174293,1.18564883866611,-3.44289555051894,-3.46439206713968,-0.42260733109962,1.4640774853766
-0.782761657369407,-0.82127455399881,-0.896989566106228,-1.14307950363683,-0.697298602953517,-0.801806765782816,-0.82127455399881,-0.896989566106228,0.736674705845478
0.0156734506766732,-1.22851382865451,-1.56822415514241,-0.337376355666815,-0.0431381730550705,-1.14288770738132,-1.22851382865451,-1.56822415514241,1.9265850610225
0.765845544420633,-1.61460077307313,-2.10324408722036,-1.85174370413283,0.604110295368,-1.46032086135286,-1.61460077307313,-2.10324408722036,3.39589952918748
0.774508337006632,-0.761469712747917,-0.0502288912184513,-0.280564338847092,0.633537524409527,-0.74401685128552,-0.761469712747917,-0.050228891218451,0.0382477793677602
-0.666759633152853,-1.73164592655432,-0.471106595339304,-0.997312664635488,-0.664897576021269,-1.7573045481246,-1.73164592655432,-0.471106595339304,0.815789816792179
1.35492671074832,-0.0866616411120149,1.00833500936727,-0.104745025820331,1.17384734241029,-0.113198684233262,-0.0866616411120149,1.00833500936727,-0.0873839667024668
0.779547921149033,1.09537096444875,0.955232001626488,0.448003856722905,0.749406383530515,1.06944554828192,1.09537096444875,0.955232001626489,1.04633339889391
0.391514395211938,0.630854016043813,0.961750118564552,0.918294905587696,0.35528481224006,0.605211824860786,0.630854016043813,0.961750118564553,0.606723924727062
-1.1427276976791,-0.398438932921707,-0.064307938213815,-1.31448324343724,-1.0164226435572,-0.472690717238856,-0.398438932921707,-0.0643079382138147,0.0256227862803074
-0.831550774844301,-0.0834484600773252,0.0863602830422423,-1.17625384562598,-0.734333377733524,-0.135567043982061,-0.0834484600773253,0.0863602830422426,-0.00720663263171709
0.40861584675578,-0.358118934634292,-1.41074438125955,-2.59559049592627,0.353684204034946,-0.245122735158562,-0.358118934634292,-1.41074438125955,0.505214274857982
-0.221286381915588,-1.4589905826178,0.25030962906257,1.27209571318889,-0.267585190637982,-1.53378026854588,-1.4589905826178,0.250309629062571,-0.365199391540844
-0.239476876858763,0.259016855604774,0.0631307356803384,0.996557164427164,-0.18591025312885,0.260300105888419,0.259016855604774,0.0631307356803387,0.0163519246479374
0.22054700085422,0.172048867522914,-0.0341284028829935,0.191891212967344,0.226437324533843,0.168333323301352,0.172048867522914,-0.0341284028829932,-0.00587175306638474
-1.53645324303411,1.62311049489176,1.54015348912401,1.44277554004157,-1.28852831523623,1.48970544084411,1.62311049489176,1.54015348912401,2.49983929194135
1.30254936103681,1.49924187860257,-0.213668959570948,-1.38257835745652,1.22079813738657,1.59866984161541,1.49924187860257,-0.213668959570948,-0.320341452346204
2.53604129107229,0.361644034127908,-0.234487148065327,0.2125776916721,2.2128886383381,0.483157332637457,0.361644034127908,-0.234487148065327,-0.0848008781774929
2.01281442154666,0.354603586170726,-0.334170958590397,0.71093350551344,1.76852310297386,0.463861308306406,0.354603586170726,-0.334170958590397,-0.118498220310264
-0.597528293423492,-0.807824472356865,-0.706553474809728,-0.0966231884453968,-0.551245876253227,-0.795464606583381,-0.807824472356865,-0.706553474809728,0.570771187980078
0.555497734141752,-0.832502710087916,-1.16527139468723,-0.0942713560010978,0.456403712506052,-0.732668294508313,-0.832502710087916,-1.16527139468723,0.970091594065043
2.36178932392967,0.352561221723038,-0.363088247925489,0.42784514558497,2.05927733657182,0.47648695165487,0.352561221723038,-0.363088247925489,-0.128010836281888
-0.259750431697959,0.146825503611718,0.840618315594677,-0.727152823181319,-0.218867576437844,0.0704946910321329,0.146825503611718,0.840618315594677,0.123424207532422
-0.165866493995018,0.111812359579071,-0.173934355379215,1.2647489667693,-0.126281071776838,0.114705677210272,0.111812359579071,-0.173934355379215,-0.0194480106868146
-0.0387209005955265,0.340816148130891,-0.529383588461066,-0.0826615031214994,-0.0375958233877553,0.385432825504964,0.340816148130891,-0.529383588461066,-0.180422475503009
1.09967686035007,-1.09342574465358,-1.23261099754706,-0.345404137170035,0.914331712936372,-0.982981736674636,-1.09342574465358,-1.23261099754706,1.34776859786109
-0.184864133593055,-1.09091223378593,-0.598053704480485,-0.729239419695563,-0.206079938228882,-1.08754283476886,-1.09091223378593,-0.598053704480485,0.652424102678756
-2.06281291914176,-0.850910047329549,-1.31659055172035,-1.15075004148701,-1.8478205293817,-0.851766758894309,-0.850910047329549,-1.31659055172035,1.120300128678
1.17016493897584,1.38635767691303,0.958571356183895,1.86066101911005,1.10096758907063,1.39177829182561,1.38635767691303,0.958571356183896,1.32892275851447
0.291858779550558,-0.67232804475887,1.21190402926488,1.42051234977296,0.238838365342927,-0.761156174591825,-0.67232804475887,1.21190402926488,-0.814797066431053
-1.15831085708912,0.346680487729546,-0.44635198010855,-0.556267954976439,-1.01559173122785,0.342964561583716,0.346680487729546,-0.44635198010855,-0.15474152216308
0.826841506271511,0.67966327187,0.530255089119693,-0.145924862073955,0.746456898764454,0.681659432848268,0.67966327187,0.530255089119693,0.360394908796809
-0.997359398592957,1.29467825721277,0.713077559944994,1.67520780522552,-0.813194568138699,1.2246116745663,1.29467825721277,0.713077559944994,0.923206012567118
-0.424932034627542,-0.632342128841442,-0.698928077040758,-0.857527075790202,-0.39418471229423,-0.608288448939422,-0.632342128841442,-0.698928077040758,0.441961668143009
0.715518003608688,-0.145660594106039,-0.265668090681307,-2.55341202938043,0.6053531240481,-0.113412386517887,-0.145660594106039,-0.265668090681307,0.0386973719236562
-0.224102790602839,1.45183602860775,0.432103075577722,-3.13671484042095,-0.143201636099079,1.43738355930486,1.45183602860775,0.432103075577722,0.627342813195955
-1.61858875486641,-1.19984523423524,0.00201424940967893,-0.607877142310043,-1.4610637784085,-1.28449610839443,-1.19984523423524,0.00201424940967924,-0.00241678755476477
-0.902882353482434,0.116050462220585,-1.20565139627858,-1.09922950543995,-0.76662879501702,0.170097199995,0.116050462220585,-1.20565139627858,-0.139916401815023
1.26980039256351,-1.07888249034335,-0.42772780003686,0.828392934965436,1.07328871591036,-1.03198783170493,-1.07888249034335,-0.42772780003686,0.46146803409285
-1.12166154078526,0.365921815160447,-0.173919196067291,0.135539395351724,-0.958861213532324,0.345428014220475,0.365921815160447,-0.17391919606729,-0.0636408279161885
-0.677857524404691,-0.893473666223258,-0.951768099721228,-1.11764887046658,-0.621476665086725,-0.859006322157563,-0.893473666223258,-0.951768099721228,0.850379733452269
2.07937046872046,-0.597392953293032,-0.497647539430326,0.779665091191088,1.79985236306325,-0.491683014186266,-0.597392953293032,-0.497647539430326,0.297291133279293
0.294826288296329,0.428034610903013,0.705519186211814,-0.0253126847277457,0.291251298747927,0.39971260547202,0.428034610903013,0.705519186211814,0.301986630354784
1.08263513796824,-0.33131517414771,-0.737681693479118,0.848504986800608,0.937757739229101,-0.241092149182425,-0.33131517414771,-0.737681693479117,0.244405138740612
1.13186373698331,0.375742600215249,-0.0348693397847992,1.46988084053748,1.02506419997233,0.431577524034768,0.375742600215249,-0.0348693397847989,-0.0131018963985293
0.730656722047285,0.356684482400335,-0.304708108110391,0.558124887633821,0.669666506243798,0.416144818301248,0.356684482400335,-0.304708108110391,-0.10868465382454
1.18066110592167,0.106485983687448,1.41930861549837,-1.07731239885801,1.03277842263968,0.0868493009285175,0.106485983687448,1.41930861549837,0.151136474077413
0.435523964006788,1.23046829362456,1.28665179703601,-0.0214372142190586,0.434853569984332,1.17585254526355,1.23046829362456,1.28665179703601,1.58318424118788
0.83621440969912,0.276267980720299,-0.126325018652507,0.619976569913383,0.74290814856666,0.317268968668188,0.276267980720299,-0.126325018652507,-0.0348995578175822
-0.154141961735463,0.229350657086435,0.847193932478682,-0.30431250963498,-0.112119779277564,0.178216946581646,0.229350657086435,0.847193932478682,0.194304485093626
-1.1236215155055,0.566954873647178,-0.418913540716954,0.828426293934133,-0.956324708258122,0.547093428421125,0.566954873647178,-0.418913540716953,-0.237505073546273
-0.9054764204211,0.0482990378635089,-1.0321969431446,-1.08790459030561,-0.78470379116139,0.0695477500945019,0.0482990378635089,-1.0321969431446,-0.0498541192395392
0.654185829228253,1.4177436402315,1.13854851959427,2.21810247099551,0.635760580932744,1.38958703909384,1.4177436402315,1.13854851959427,1.61416992274976
-0.80114827633134,-1.47566875371669,-1.14770796607548,0.310069129893916,-0.762092669448157,-1.45216678046594,-1.47566875371669,-1.14770796607548,1.69363678392931
-0.68055495594077,-1.49529505951596,-1.42559155537272,-0.145056514749372,-0.656789267686541,-1.44759411035356,-1.49529505951596,-1.42559155537272,2.13168000963651
-1.57523488730304,0.365647751432249,-0.177799590740991,1.22431730055614,-1.35902441798276,0.328051421494511,0.365647751432249,-0.177799590740991,-0.0650120205600175
-0.21577704694098,-0.719349103142853,-0.613857718257839,0.492928318498714,-0.225285225220454,-0.703010474855584,-0.719349103142853,-0.613857718257839,0.441577999086094
1.43911644315451,0.324817397353729,-0.30724728233369,-2.39982623639707,1.26748615257624,0.421802899064738,0.324817397353728,-0.30724728233369,-0.0997992625916354
0.323114676964106,0.134771417788094,-0.491928098840853,0.534490481306304,0.280698335240158,0.195274587852564,0.134771417788094,-0.491928098840853,-0.0662978473305833
-1.02747120359695,-0.560886112800002,-0.458562504922768,-0.383568689657282,-0.926055688282675,-0.586428405721907,-0.560886112800002,-0.458562504922768,0.257201340861963
-2.02843916623784,-0.212492984366445,-1.55649639357727,-1.85658640417154,-1.78979188163372,-0.183690737357645,-0.212492984366445,-1.55649639357727,0.330744563826843
-1.3922473008544,-0.639514718446002,0.0386903704754408,-1.18243909397425,-1.26186335734127,-0.724398801924363,-0.639514718446002,0.0386903704754411,-0.0247430613811732
0.117029151039474,-0.0311908472552454,-0.335614073857653,-1.65897852075596,0.111085971170931,0.00423111102585263,-0.0311908472552455,-0.335614073857653,0.0104680873144047
0.169902630621688,0.347094463307181,-0.440490611159593,0.173050852415777,0.15386712410632,0.393746867435132,0.347094463307181,-0.440490611159593,-0.152891852272291
-0.288501511127545,-0.493656338777943,-0.66667742099955,-0.232528807292751,-0.256175716895927,-0.479040002442101,-0.493656338777943,-0.66667742099955,0.329109534796559
0.784938075455387,-0.134408076028314,0.596714325434158,0.394864486706613,0.69096440549617,-0.152177065939423,-0.134408076028314,0.596714325434159,-0.0802032244201385
-0.412453071624484,-0.866671709217067,-0.193629771286964,-0.224836564296449,-0.394572183536612,-0.894039821339567,-0.866671709217067,-0.193629771286964,0.167813444836583
-0.712486012928147,-1.58872540169199,-0.883660730515064,1.22639342650931,-0.676069003580894,-1.54952633687506,-1.58872540169199,-0.883660730515064,1.40389424904698
1.51863603306194,-0.680683427931093,-0.0955480043868266,-2.38323027856447,1.31477818724326,-0.632812825190679,-0.680683427931093,-0.0955480043868263,0.065037943158
1.35487955999658,0.354879207543873,-0.330268509640475,1.19448606539852,1.20206073020895,0.439263379669703,0.354879207543873,-0.330268509640475,-0.117205426977908
0.625342126025781,0.746145984096566,-0.360649342769703,-0.074479523587171,0.585763632022414,0.819199851056437,0.746145984096566,-0.360649342769702,-0.269097058774679
0.524508428106609,-0.572030702170094,-0.921769472440754,0.678605057742966,0.447379878052604,-0.49221214236801,-0.572030702170094,-0.921769472440753,0.527280438559242
-0.456741231871754,-1.00306435123289,-1.1864544315471,-1.5300156668689,-0.423942769260648,-0.952484934253286,-1.00306435123289,-1.1864544315471,1.19009014464718
-0.642822614254755,-0.592430424453204,-0.456531617413293,-1.22998186731954,-0.589893483779458,-0.592132476075266,-0.592430424453204,-0.456531617413292,0.270463219880465
0.314959098586188,0.356684482400335,-0.304708108110391,0.55222785696102,0.296508037182858,0.399940872843502,0.356684482400335,-0.304708108110391,-0.10868465382454
-1.67028837984702,0.641209014902357,0.953260892250466,1.64964278272514,-1.44021563500621,0.526213849499751,0.641209014902357,0.953260892250467,0.611239477664863
0.587528558577242,-1.12038839727094,1.11207373007503,0.206957612428577,0.466442544426204,-1.19713110044999,-1.12038839727094,1.11207373007503,-1.24595450408588
0.0149180171392945,-0.892836251969897,0.86032497449108,0.771211131664194,-0.0170141302005414,-0.973954309376179,-0.892836251969897,0.860324974491081,-0.768129325700714
0.2674607619521,0.725203907356133,1.46860815453609,-0.278632704184246,0.245321482396665,0.638566160948101,0.725203907356133,1.4686081545361,1.06504037204466
0.988774225926769,-0.205716611861363,1.19573746794667,-0.67671455978416,0.831134100791628,-0.244691562045855,-0.205716611861363,1.19573746794667,-0.245983060581675
0.303700160654409,0.333049742493875,-0.105586544266041,-0.345569825312929,0.266632386315463,0.354787600574995,0.333049742493875,-0.105586544266041,-0.035165571378623
0.590846284999171,1.62311049489176,1.54015348912401,1.74925595673237,0.567747526794995,1.57031192573639,1.62311049489176,1.54015348912401,2.49983929194135
1.16135914748142,-0.0311908472552454,-0.335614073857653,1.09573422908629,1.01886482065092,0.0436502859454844,-0.0311908472552455,-0.335614073857653,0.0104680873144047
-0.460550233329042,0.830097689920313,-0.488978426833,1.54707124571723,-0.342523010933007,0.88094642800001,0.830097689920313,-0.488978426833,-0.405899862534942
-1.18111146288901,-0.83742258156377,0.484909022861047,0.784053114859699,-1.07005788018224,-0.941381739914006,-0.83742258156377,0.484909022861047,-0.406073765747863
-1.37054474834601,-1.27720510090185,-0.574492338175434,-1.23042950900989,-1.24452635074397,-1.31528376975377,-1.27720510090185,-0.574492338175434,0.733744544746698
-1.19095400325431,0.527602126402474,0.213051895787881,-0.183268714991422,-1.01412615779714,0.462961479864463,0.527602126402474,0.213051895787882,0.112406633251765
-1.38982846398339,-0.437078204119767,0.583055501172089,-0.983659822413936,-1.23261044744153,-0.541741972902222,-0.437078204119767,0.583055501172089,-0.254840851354447
-1.10857725472668,1.1779920986458,0.698758327437401,-0.451491548052142,-0.933071309922065,1.11748268440796,1.1779920986458,0.698758327437401,0.823131788584216
-1.77314795872335,0.132573424215156,1.01748357575968,-2.65240756239921,-1.55125407536005,-0.0322490923727842,0.132573424215156,1.01748357575968,0.134891281721142
-0.413684157507082,0.222078222718699,0.111317107514901,-0.119039970566783,-0.35080007866204,0.190445760150088,0.222078222718699,0.111317107514902,0.0247211053950957
0.385102277138043,0.554053086906867,-0.28075646932614,0.940583600685223,0.375355110553324,0.605052765871525,0.554053086906867,-0.28075646932614,-0.155553988499221
0.30373931885213,-0.604542889043894,-0.598881558201579,-1.13392626853498,0.238991188749962,-0.559461482136696,-0.604542889043894,-0.598881558201578,0.362049587390291
0.590846284999171,-0.65908312712684,-2.01416701014239,-1.64714334550608,0.485653082321016,-0.485854161433191,-0.65908312712684,-2.01416701014239,1.32750349160037
0.887695228896903,1.12084292671486,1.50013273226945,1.89881081967273,0.847261876135497,1.07140309021113,1.12084292671486,1.50013273226945,1.68141316209764
-0.17657741517886,-0.715377389025854,0.602379933179337,-0.153390335708595,-0.187354694272916,-0.77966308161679,-0.715377389025854,0.602379933179337,-0.430928983799402
-1.75225379311161,1.56978208818428,0.78509091041273,0.576326148793505,-1.47422795871443,1.48164166326987,1.56978208818428,0.78509091041273,1.23242164876219
-0.543259286073515,-0.404213011451285,-0.447900873977366,-1.11373795995844,-0.498833454188028,-0.413367009647965,-0.404213011451285,-0.447900873977365,0.181047361102053
-0.997203043620263,0.669798348284342,-0.279759147261042,-0.298582093854061,-0.83019271932892,0.654626831652376,0.669798348284342,-0.279759147261041,-0.187382214752881
-0.550096860238086,0.913137112223988,0.881160996651417,-0.361209874787465,-0.432888497614668,0.834427584385389,0.913137112223988,0.881160996651417,0.804620807886686
-0.788636262112863,0.558634236860669,-0.215893198301463,0.577409668000275,-0.667494273283851,0.559768319885714,0.558634236860669,-0.215893198301462,-0.120605332076547
-0.793383835220641,0.244334976395864,-0.119641028951731,0.978120287897436,-0.693811641219554,0.194276566144864,0.244334976395864,-0.119641028951731,-0.0292324879848981
0.308941927918385,-0.0337903045569566,0.0762392275660169,1.21613100206002,0.257240983691028,-0.00972378687335177,-0.0337903045569566,0.0762392275660172,-0.00257614671864284
-0.100670806309956,-0.319842161365617,1.30277438664954,0.26184908648792,-0.112882872074981,-0.411162283769739,-0.319842161365617,1.30277438664954,-0.416682175597754
-0.754345575559517,-1.51825130324971,-0.541076865868524,0.115279784660301,-0.737060291001244,-1.55888285526781,-1.51825130324971,-0.541076865868524,0.821490656763153
1.52976750709743,-0.219254624893736,0.934054683097173,0.977806230009904,1.32067165694897,-0.248019045729074,-0.219254624893736,0.934054683097173,-0.204795809172708
-0.685860487501647,-0.289897817914731,0.118086760708767,-0.23764576927292,-0.589845461270402,-0.333272602951687,-0.289897817914731,0.118086760708767,-0.0342330942540905
0.590846284999171,-2.05229892629332,-2.24060885388424,0.71093350551344,0.428732653901603,-1.91150306292805,-2.05229892629332,-2.24060885388424,4.59839914506994
-2.11830930737755,-0.201259977952132,-0.643379234130265,-0.929730760956616,-1.87212223387194,-0.242143850766654,-0.201259977952132,-0.643379234130265,0.129486490475917
0.446178457610653,-0.678161632465297,-0.324250836438192,-1.07238966040889,0.366452650812016,-0.655982903089634,-0.678161632465297,-0.324250836438192,0.219894476567162
0.625583942698484,-0.0982418752673632,1.1087818424433,1.49290240165848,0.55098843890015,-0.158255349339564,-0.0982418752673632,1.1087818424433,-0.108928807464032
0.797488443489855,0.569069652431082,-0.0681409537286973,0.710205417513775,0.713303506492345,0.619727757408247,0.569069652431082,-0.068140953728697,-0.038776948854712
0.012244852576709,0.948001169097052,1.18038524860064,0.997404530444521,0.0387361433262086,0.897502135703527,0.948001169097052,1.18038524860064,1.11900659565832
3.23243955290337,1.30734252729878,1.3410458753675,1.98409365221914,2.87446720679424,1.36444233206605,1.30734252729878,1.3410458753675,1.75320630392655
3.43478255809415,1.61794862126868,1.46706790773389,2.52934573261024,3.06197526108164,1.67862068331938,1.61794862126868,1.46706790773389,2.37364049862558
0.469599179282229,-0.90974153009109,-2.1495697053448,-1.10747872158336,0.369041284074689,-0.755502273719987,-0.90974153009109,-2.1495697053448,1.95555283277783
1.00329976354531,1.62311049489176,1.54015348912401,-0.139427077733884,0.947607333644223,1.58680686850767,1.62311049489176,1.54015348912401,2.49983929194135
-1.67005801890314,-1.35517807654629,-1.05037438695525,0.575620284948023,-1.51451327799174,-1.38623852379202,-1.35517807654629,-1.05037438695525,1.4234443413675
0.529415911343451,0.998745583513941,-2.02339497075134,-0.132118086916869,0.518405027227898,1.18280296288699,0.998745583513941,-2.02339497075134,-2.02085679074222
-0.981420828928073,-0.689971263558537,0.178879205219866,-0.211456804012131,-0.904470570916581,-0.752602634104067,-0.689971263558537,0.178879205219867,-0.123421511249898
0.906621365324693,1.55757769771563,0.612292225662824,2.13820557231849,0.862912518212662,1.58312910079342,1.55757769771563,0.612292225662824,0.953692715177079
-0.721268165468205,-0.468159482301081,-0.0839931666121786,0.729581149561611,-0.65147714627732,-0.517335440276788,-0.468159482301081,-0.0839931666121783,0.0393221973979858
-0.707309074918937,0.0424057169631019,-0.637833381037875,-0.0939964186477061,-0.610203621442412,0.0535014067986132,0.0424057169631018,-0.637833381037875,-0.0270477818259104
0.0918493267868155,-0.108702907319702,0.667111454500827,-0.945196994938621,0.0725342813309736,-0.157699544341857,-0.108702907319702,0.667111454500827,-0.072516954610515
-0.459378040531465,-0.62595041117709,-1.60147153553623,0.619325966899233,-0.434948363081575,-0.543972715235572,-0.62595041117709,-1.60147153553623,1.00244176615731
0.636082412696601,1.16646409014236,0.535536353157188,0.420889927698979,0.592692830615013,1.18373710703129,1.16646409014236,0.535536353157188,0.624683924923658
2.67472401778102,1.60429001807105,1.27367941576998,1.629214511816,2.40506394150231,1.65009512092274,1.60429001807105,1.27367941576998,2.04335117294235
0.561794413336359,0.0919362539644898,-1.36282792791509,-0.321091001633843,0.485245578569236,0.222166585966424,0.0919362539644897,-1.36282792791509,-0.125293294490701
0.112336517315208,0.607153232533339,-0.902326249153986,-1.49085800347093,0.121040912460432,0.677923189999109,0.607153232533339,-0.902326249153985,-0.547850298973525
-0.113037638006095,0.467632360351395,1.26617307886719,0.471669442961056,-0.0672465937811334,0.384145277436099,0.467632360351395,1.2661730788672,0.592103505484059
3.38938389247511,-2.05229892629332,-2.24060885388424,0.71093350551344,2.88187887602294,-1.80497821925199,-2.05229892629332,-2.24060885388424,4.59839914506994
-0.580662189277488,0.0104064429034137,0.0982479060682963,-0.661626973975791,-0.511742974408821,-0.0238450532862308,0.0104064429034137,0.0982479060682966,0.00102241122487968
-1.39382528157271,-0.829501309646397,-0.230250757776745,0.39390188232591,-1.25303360753666,-0.884139190123904,-0.829501309646397,-0.230250757776745,0.190993305122885
-0.480395402630491,0.317062026376703,-0.865711814524904,0.281844289795342,-0.398138876723967,0.369776688887922,0.317062026376703,-0.865711814524903,-0.274484342171518
2.13758421781872,0.677337482139341,1.46479415043454,1.16226469147175,1.90476079464299,0.671465318024274,0.677337482139341,1.46479415043455,0.992159981707769
0.075495470926625,0.330625317917204,-0.67367281469958,0.941617994433603,0.0739060279789238,0.390274655632876,0.330625317917204,-0.67367281469958,-0.222733288532226
-1.44323473977874,-1.41560885044808,-0.183087570817741,-1.11078495558959,-1.31590580000245,-1.50309219052331,-1.41560885044808,-0.183087570817741,0.259180385656634
-0.648333949660396,-1.00059588398025,-0.63626750488389,-0.80668730420568,-0.602536682416226,-1.00270220158128,-1.00059588398025,-0.63626750488389,0.636646646497205
-0.250573527060167,0.803101853851734,-0.492548592538169,-1.56094673445368,-0.190637331594646,0.842655330022504,0.803101853851734,-0.492548592538169,-0.395566687779466
-0.118277547091549,-0.101580734705544,-0.170369720420693,-0.255922999528193,-0.108936135839139,-0.108409941471199,-0.101580734705544,-0.170369720420693,0.0173062813719121
0.233284083387893,-1.15746279432419,0.402897243402787,-0.485891109846928,0.137932525033662,-1.2091045302165,-1.15746279432419,0.402897243402787,-0.466338569174504
1.12313225759853,-1.2142085433655,1.31407547305561,-0.54497501167974,0.919176838250671,-1.28514196133535,-1.2142085433655,1.31407547305561,-1.59556166601118
-1.83723490718542,-0.394423439785487,1.21426740207407,-1.89549653713256,-1.63085764840632,-0.53757049322042,-0.394423439785487,1.21426740207407,-0.478935525545443
-0.00601459274126596,1.61138181569445,1.37409027241898,1.73678347221075,0.0647698376938856,1.5484707410484,1.61138181569445,1.37409027241898,2.21418407809858
-1.40197362911777,-1.23357718671682,1.3125321765832,-1.06723547250464,-1.28210735110986,-1.41425574516185,-1.23357718671682,1.3125321765832,-1.61910974986481
0.912452082479231,1.51302995684583,-0.0184472652320854,0.441599233577058,0.857736162614795,1.5829043239473,1.51302995684583,-0.0184472652320851,-0.0279112649180253
-1.55309572404104,-1.23564743917592,1.31236721854979,1.27046320478756,-1.41366521649121,-1.42329078174365,-1.23564743917592,1.31236721854979,-1.62162319285947
-0.977543595370326,0.442478876493378,-0.72777706671387,-1.25811530021315,-0.83187708549493,0.452865633845229,0.442478876493378,-0.72777706671387,-0.3220259788172
-1.581135396831,0.626255545427344,0.514561533635274,0.845834089549208,-1.36667192114713,0.52857893145597,0.626255545427344,0.514561533635274,0.322247013902689
-1.30868830001529,0.321217587746992,-0.806874337878484,-0.066184267819621,-1.13859154470973,0.337623446657434,0.321217587746992,-0.806874337878484,-0.259182228428278
-0.553549973719881,-0.682630255268986,-0.387520865785765,-0.275674620510124,-0.5192155726942,-0.694441951395477,-0.682630255268986,-0.387520865785765,0.264533467533395
-0.551318494339903,0.389636685423708,-0.10255497764085,1.61306241436064,-0.459606053746351,0.385117339475917,0.389636685423708,-0.10255497764085,-0.0399591815616831
-1.92786970050189,-0.809976309145363,-0.397667818887041,-1.24566555642484,-1.72462898162829,-0.847678443179227,-0.809976309145363,-0.397667818887041,0.322101512208012
0.147550292896219,-1.74695870500525,0.731552383050463,-0.00523351552945745,0.0441941337533095,-1.81498621132568,-1.74695870500525,0.731552383050464,-1.27799180373734
0.8965810702807,1.04981990521406,0.984200642217442,2.42751583334709,0.81834161525645,1.03327903083131,1.04981990521406,0.984200642217443,1.03323342492433
0.585527671660603,0.480553098689526,1.44911434058457,-1.26741631261955,0.532938164909519,0.410207559015441,0.480553098689526,1.44911434058457,0.696376386723345
0.17682596863563,0.356684482400335,-0.304708108110391,0.492474132450223,0.154157365918173,0.393759470827206,0.356684482400335,-0.304708108110391,-0.10868465382454
-0.698312848559816,-1.24997400005575,-0.159787309417069,-1.52521038578294,-0.660314979530042,-1.29323741161525,-1.24997400005575,-0.159787309417068,0.199729982310198
-1.10402529785895,-1.48548039348768,-0.723721652172185,-1.33807726378869,-1.03632052811161,-1.51125304427096,-1.48548039348768,-0.723721652172185,1.07507432464429
-0.258305083964764,0.468043032280736,-1.49854971781624,-1.10742587607153,-0.204217425296709,0.579885544601296,0.468043032280736,-1.49854971781624,-0.701385753950154
0.100358743727963,0.94283880441037,1.48594933650747,0.597068862026709,0.12676891002337,0.856438303888992,0.94283880441037,1.48594933650747,1.40101069584708
-1.59143259008063,-0.80197191267473,-0.690266898594346,0.208647785849149,-1.423412722336,-0.811176825676956,-0.80197191267473,-0.690266898594346,0.553574664921761
-0.974624173162716,-1.00963601915994,-0.774420846645351,-1.15153849794887,-0.901428563750597,-0.975378090150743,-1.00963601915994,-0.774420846645351,0.781883180761485
1.01470925626713,-0.207918100773913,-1.41156365238731,0.0700671930677489,0.877563676493055,-0.0835821928080244,-0.207918100773913,-1.41156365238731,0.293489633725859
-1.33565550486437,1.18891291302117,-0.335767205562043,-0.345668480313532,-1.11375240075293,1.19125882330955,1.18891291302117,-0.335767205562042,-0.399197966461746
0.478124287048539,-0.508940637109286,-2.04495954622132,-1.20951660577739,0.395175503110564,-0.347669016147979,-0.508940637109286,-2.04495954622132,1.04076301431659
-0.243455007795597,0.340038064567704,-0.540400264524453,-0.96465939550129,-0.190731666400263,0.378783090731329,0.340038064567704,-0.540400264524453,-0.18375666004077
0.128503546437452,0.381087683454317,0.0408102573209921,0.0598264296752431,0.139604393536299,0.393127525982674,0.381087683454317,0.0408102573209924,0.0155522864236316
-0.25407397034223,0.159900098950521,-0.320387917960366,0.212646581149238,-0.199913473632736,0.176696325809439,0.159900098950521,-0.320387917960365,-0.0512300597844138
0.505579711073372,0.250784829742014,0.702016303973408,0.509985777307951,0.444619234567662,0.222694149105032,0.250784829742014,0.702016303973408,0.176055039268089
0.649368407397325,1.216563879037,1.18846405373665,0.00174085113178488,0.609166691388824,1.16630989058297,1.216563879037,1.18846405373665,1.4458424393099
-1.58017316524509,1.3021045438278,1.26688267509528,-1.9315539530067,-1.34495767792711,1.1812190198172,1.3021045438278,1.26688267509528,1.64961368773829
-1.09486497650905,-0.575614585749099,-0.117419155504815,-1.68121102308838,-0.979083428091508,-0.612556991308939,-0.575614585749099,-0.117419155504815,0.067588178554913
0.209395337684882,1.59574776253598,1.15273191535625,-0.0380071043571212,0.251263632423795,1.55656900365948,1.59574776253598,1.15273191535625,1.83946937473355
-0.118542659266321,1.14049356484672,0.951045895628289,0.9578816650487,-0.0377925699667382,1.09815873910291,1.14049356484672,0.951045895628289,1.08466172383795
-0.123819979979403,1.52778473472869,0.190461669506078,-1.16922126663715,-0.0431058835571032,1.54378637114045,1.52778473472869,0.190461669506078,0.290984431222326
-0.616888921472227,0.41939878431646,0.583246838427023,1.60763475918581,-0.53503570742978,0.363832113159338,0.419398784316459,0.583246838427023,0.244613014992712
1.52445357135617,1.47729682418443,-0.524383087405481,0.516298723453429,1.38318897556752,1.60572146311911,1.47729682418443,-0.524383087405481,-0.774669469680143
-0.709672567543884,-1.90166827999558,-0.48465400253425,-1.93824276077543,-0.70665169624881,-1.94070635070441,-1.90166827999558,-0.48465400253425,0.92165114339228
-1.37199901754409,1.3793753502956,0.595302213762378,-1.50157757544305,-1.14379191448193,1.31231217073174,1.3793753502956,0.595302213762378,0.821145199640227
-0.29883530176669,0.163432969995369,1.07575896891073,0.651764103853398,-0.263484979996184,0.0685572354102825,0.163432969995369,1.07575896891073,0.175814483288236
-0.156541598997017,1.41323928754067,1.52343091913873,1.35979870540487,-0.0840241420602548,1.3380297781041,1.41323928754067,1.52343091913873,2.15297242678105
1.46799064755747,0.268832131640663,0.693134945068453,0.923250264506483,1.28343618602428,0.277128525613403,0.268832131640663,0.693134945068453,0.186336944797386
-1.28584722203139,0.0579059293934342,-0.153961782549355,-0.887942122337547,-1.12822099920863,0.0129973554092926,0.0579059293934342,-0.153961782549355,-0.00891530010959022
-0.701277951507987,0.340816148130891,-0.529383588461066,-0.035879455390945,-0.58657742121606,0.361593977921284,0.340816148130891,-0.529383588461066,-0.180422475503009
0.596267211566819,-0.779931802062171,-0.12737858974853,-0.989873831582334,0.496010100746989,-0.752280521664533,-0.779931802062171,-0.12737858974853,0.0993466130467087
-1.1447673303839,-1.52330403461902,-1.25925642195322,-1.90289548508968,-1.05639257583854,-1.51212464814319,-1.52330403461902,-1.25925642195322,1.91823038818125
-1.35826450150702,-1.08484293825166,1.12568854744675,-0.0336967685156898,-1.22760328898798,-1.2338247148797,-1.08484293825166,1.12568854744675,-1.22119527136838
1.39891517392399,-0.155033827705488,0.304679850550043,0.358365319439643,1.21394672675846,-0.129467204816839,-0.155033827705488,0.304679850550044,-0.0472356834555095
-1.88993096364562,-1.97239182680225,-1.10922570699935,0.000912620991073302,-1.73601130574017,-2.00550439469542,-1.97239182680225,-1.10922570699935,2.18782771856446
-1.18426600433448,0.743592073629604,0.986747493785737,-1.67994279304198,-1.00357580528536,0.625967923686541,0.743592073629604,0.986747493785738,0.733737615052951
-1.84035363270924,-1.68382627859316,-0.76151034431542,1.0949724258236,-1.68157041213516,-1.74096027952457,-1.68382627859316,-0.76151034431542,1.28225112917883
1.78365985852814,0.0893937886040809,0.0274580974140994,0.162225069480891,1.54935929377504,0.147277758113371,0.0893937886040809,0.0274580974140998,0.00245458335570629
-0.784688035879029,0.19419600803225,-0.0992096145277987,0.958327241811233,-0.670324547024855,0.174279092973986,0.19419600803225,-0.0992096145277984,-0.0192661110997168
0.961978904819847,0.391996465996188,0.195264777626603,0.329432273633649,0.868556196551132,0.424781357361864,0.391996465996188,0.195264777626603,0.07654310276316
1.32331607010383,-1.19464510668577,-1.12845747104885,-1.49566292587572,1.09723985094567,-1.08811751477712,-1.19464510668577,-1.12845747104885,1.3481061958915
0.590846284999171,0.560562660165739,-0.188589170983338,0.307040611436893,0.529475814295293,0.611745267005496,0.560562660165739,-0.188589170983338,-0.105716047364871
-1.7618450472377,-0.357896951177499,0.122774600479656,-1.60256902659447,-1.55899810919876,-0.435848889581426,-0.357896951177499,0.122774600479656,-0.0439406551937044
1.28543534970107,0.914968751065488,1.09134474119606,1.09362021544641,1.14041410834385,0.900454594202358,0.914968751065488,1.09134474119606,0.998546334834048
-1.93221090374084,-0.349710215493788,0.209541200702665,1.20572295198481,-1.711817614881,-0.439162588971569,-0.349710215493788,0.209541200702665,-0.0732786984525561
-0.527986663315737,-0.662004297512708,1.35807519204513,0.089583812558005,-0.487962908477125,-0.792716621897864,-0.662004297512708,1.35807519204513,-0.89905161347927
1.92201709030858,0.356684482400335,-0.304708108110391,0.71093350551344,1.68636007864323,0.460293480492534,0.356684482400335,-0.304708108110391,-0.10868465382454
-1.02698443992081,0.935299670555371,-0.258603961188119,-0.378719630039771,-0.858766977499621,0.915566116427908,0.935299670555371,-0.258603961188118,-0.241872199703561
0.00615865031469419,0.160877065155717,0.746015152691874,0.614011839220358,0.0161555601321652,0.10203236598088,0.160877065155717,0.746015152691874,0.120016728326763
1.40499668103559,-1.05871895033902,0.905389830941776,-1.25942425748936,1.18312551108432,-1.10342840980173,-1.05871895033902,0.905389830941777,-0.958553371462302
1.22243864137673,1.05413639874804,0.262097483493316,0.841667741505329,1.11060856706391,1.10417068051229,1.05413639874804,0.262097483493316,0.276286497370568
-1.20899729333721,-1.65265558196341,0.4630464028539,-1.43948181559174,-1.13103171107514,-1.77525413507024,-1.65265558196341,0.4630464028539,-0.765256222384575
-0.200344459543169,0.167403054827688,1.10282314294196,-0.576355185943848,-0.16639949318367,0.0760953515455967,0.167403054827688,1.10282314294197,0.184615963063157
-0.619431642302362,-0.0144042434037164,0.195618385209857,0.190060185562973,-0.525148286695137,-0.0447286611430823,-0.0144042434037164,0.195618385209857,-0.00281773483480474
-1.2121268207915,0.0897055946501712,-0.416785443338055,-2.2403539941974,-1.04614977206479,0.0548724825812476,0.0897055946501711,-0.416785443338055,-0.0373879860361754
0.483998506021609,1.39755215326282,1.14621812849686,-0.385372256605639,0.508867585854414,1.36274478193766,1.39755215326282,1.14621812849686,1.60189961358966
1.49578676424166,0.372789227789836,0.429799592122716,-0.962110065188189,1.33278042909664,0.379618889714746,0.372789227789836,0.429799592122716,0.160224658051814
-0.228474265330362,-0.256878022127597,0.58560517528119,-1.86082507435826,-0.194070120011726,-0.316086547763346,-0.256878022127597,0.58560517528119,-0.150429099173917
0.872915557538921,-1.91316981381879,-0.270717140916669,0.921040930990833,0.69326372421157,-1.90001612804495,-1.91316981381879,-0.270717140916669,0.5179278620851
-0.536654470914422,0.108665667541531,-1.04580246317033,0.607745152901463,-0.466530959866333,0.165118790892757,0.108665667541531,-1.04580246317033,-0.11364282277698
-1.56782835428073,-0.422315343178417,-0.624048730060394,-1.02359936720772,-1.38775240863345,-0.467685291801442,-0.422315343178417,-0.624048730060394,0.26354535359551
-0.569171959992845,-0.336230167239276,-0.537920521688303,-0.0902366345641895,-0.518066317754879,-0.330155682332274,-0.336230167239276,-0.537920521688303,0.180865106968697
-0.537021338511887,-0.650763170222379,-0.384981691562466,-1.24107426320532,-0.480783380381291,-0.67247158219575,-0.650763170222379,-0.384981691562466,0.250531906078765
0.441946793192171,-1.2007055175367,-0.80833402139292,1.30992232818728,0.357348643713488,-1.14366804988262,-1.2007055175367,-0.80833402139292,0.970571119499111
-0.158800922005983,1.03831777324014,1.49355711538544,0.72478012145781,-0.0706617348050878,0.928456527207987,1.03831777324014,1.49355711538544,1.55078689825398
0.716814842193878,-0.618859337191374,-0.537176043690311,1.29577333317312,0.612512216186651,-0.561251579832974,-0.618859337191374,-0.537176043690311,0.33243641035327
0.0808099434858445,-0.485060127334738,-0.408386033290739,-0.0258202428135894,0.0625738074646745,-0.462774199557401,-0.485060127334738,-0.408386033290739,0.198091781309734
-1.49731851492982,-0.747014733462826,-1.59267883587065,-0.800040270039421,-1.33499076740582,-0.708533895653879,-0.747014733462826,-1.59267883587065,1.1897545560698
1.12322170885976,0.393252804736596,0.21305294021451,0.263449932769092,0.995882898723591,0.43031036208339,0.393252804736596,0.21305294021451,0.0837836662967345
-0.613022879362101,-0.0623361721886661,0.455285190016776,-0.302934359266247,-0.528061382515669,-0.102024890247708,-0.0623361721886661,0.455285190016776,-0.0283807359998353
-1.22854766936435,0.679578011409796,0.529047909177157,-2.82653880536359,-1.04406943725964,0.603908039016613,0.679578011409796,0.529047909177158,0.359529326059124
-0.145759423471958,0.454680769749293,1.08279498823574,-1.66508598418458,-0.0974612704791221,0.382833242432658,0.454680769749293,1.08279498823574,0.492326058731701
-0.459928664851117,-0.0598842078817046,0.420000197053279,1.19060261957912,-0.390843313689772,-0.120651412354953,-0.0598842078817046,0.420000197053279,-0.0251513791106955
-1.57967813554698,-0.47804962015306,1.24805662679966,0.552523260981688,-1.40479882993268,-0.651073194173028,-0.47804962015306,1.24805662679966,-0.596632996371088
-1.3289097207272,1.28113871937262,-0.795603842656745,1.43686850396035,-1.10023625387803,1.31420352147767,1.28113871937262,-0.795603842656745,-1.01927888810919
1.12471423250824,1.51629745799678,1.34479513046836,1.02745384268626,1.05703962543553,1.48950255311191,1.51629745799678,1.34479513046836,2.03910943785563
-0.425669692171817,1.11987987280613,1.19294166430737,1.00649564387873,-0.312811342809558,1.04236042965267,1.11987987280613,1.19294166430737,1.33595135928967
0.590846284999171,-1.25089193931284,-2.17675262226664,-0.721702615213503,0.460155004604446,-1.12448790851266,-1.25089193931284,-2.17675262226664,2.72288230907143
0.2875198419036,0.0275485439999686,-0.35852831605957,-0.1109587011022,0.243502305022269,0.0537042990629144,0.0275485439999685,-0.35852831605957,-0.00987693309020168
-0.088286501031566,0.529007309235332,-0.370964648068672,0.393402057763347,-0.0561750058395309,0.568304316946791,0.529007309235332,-0.370964648068671,-0.19624301029624
-0.169657574356355,-0.870854193966164,-0.367096814626734,0.959005824375864,-0.162047203424564,-0.857065952242993,-0.870854193966164,-0.367096814626733,0.31968780060931
0.710820985983583,0.929339353271484,1.11056417333602,1.25336727214439,0.639191562250077,0.880981336361281,0.929339353271484,1.11056417333603,1.03209099061458
-1.27623032609257,-0.592882617491645,-0.462934097118971,-0.168138219118756,-1.14197207717041,-0.616105806864749,-0.592882617491645,-0.46293409711897,0.274465579226026
0.590846284999171,1.37537326231338,-1.96749140826591,-1.66355168773634,0.567747526794995,1.57031192573639,1.37537326231338,-1.96749140826591,-2.70603507676023
0.824615156016158,0.32031197576077,0.412180894777182,0.141065668023737,0.747878964661605,0.34103928052427,0.32031197576077,0.412180894777182,0.132026476776921
-0.243463243639374,0.493469020236199,1.36757914632005,-0.980976421122379,-0.197881339622029,0.396482411809077,0.493469020236199,1.36757914632005,0.674857941430011
0.27291421065993,0.861042583751845,-0.0508379914258882,0.940175720147512,0.27181870481089,0.907623457947557,0.861042583751845,-0.0508379914258879,-0.0437736754901007
-2.00306717391863,-1.24117384055307,-0.413844838171423,-1.00629246184997,-1.80971820777262,-1.298262280702,-1.24117384055307,-0.413844838171423,0.513653387186288
1.22921311342162,1.57329130493847,0.834776967343102,1.28271106774193,1.1341497334084,1.59490724173231,1.57329130493847,0.834776967343102,1.31334734428381
-1.20917841231739,-0.271910973388992,0.372757658434641,-0.931430910496282,-1.06756337141933,-0.354016912948773,-0.271910973388992,0.372757658434642,-0.101356897743165
-1.11988436886349,0.366223571454455,-0.306226649888791,1.21019704716992,-0.958713439755228,0.343009932489315,0.366223571454455,-0.306226649888791,-0.112147417396806
-1.19785062639822,-0.713035582076414,0.635536948422394,-0.0539932375059462,-1.08983454905115,-0.818852154238775,-0.713035582076414,0.635536948422395,-0.45316045794943
-1.79154526776793,1.59137382635287,1.09080252842266,2.06163884851109,-1.50466664691002,1.48031990084394,1.59137382635287,1.09080252842266,1.73587459345136
0.0085819030271014,0.36899937953961,-0.13034478910951,0.718702060512782,0.0202605116272719,0.387945165367794,0.36899937953961,-0.130344789109509,-0.0480971463076303
-0.00248364228200104,0.354793783872173,-0.974542878911332,-0.577106947519817,-0.000586148918549433,0.449936257632757,0.354793783872173,-0.974542878911332,-0.345761755554633
-1.11939069335487,0.166917564391797,-0.328462260633347,0.195928636451744,-0.97121913184812,0.137456533148434,0.166917564391797,-0.328462260633347,-0.054826120539542
-1.3128712980102,-1.35162039670556,-0.46624265979709,0.0803950285434778,-1.19760626257185,-1.41633318724922,-1.35162039670556,-0.466242659797089,0.630183088795997
1.89446279633948,0.563472860520939,-0.147384426262259,0.358912691825749,1.67630016616217,0.661544697510243,0.563472860520939,-0.147384426262258,-0.083047124262232
1.83448945540611,0.58379575722244,1.45734073144864,0.71093350551344,1.61287118190179,0.556734094783138,0.58379575722244,1.45734073144864,0.850789335847163
-0.800840424295242,0.862079652642207,0.342502210417902,0.620240892089983,-0.663077309663726,0.822140207704751,0.862079652642207,0.342502210417902,0.295264186586253
0.590846284999171,-2.0353919790781,-2.00122793195854,-1.00544083738933,0.428732653901603,-1.91150306292805,-2.0353919790781,-2.00122793195854,4.07328328101546
-0.642563765502785,0.565961324112286,0.0156773771938845,-2.87247222328697,-0.512879377042412,0.546047995290059,0.565961324112286,0.0156773771938848,0.00887278915525881
0.768975597195194,0.230250386617864,-0.484320319962877,0.71093350551344,0.674543148651486,0.292968217386865,0.230250386617864,-0.484320319962877,-0.11151494091834
-1.25474663759178,-1.11587921221465,-1.77886938314347,-0.132497530869993,-1.15298928341172,-1.06347315844397,-1.11587921221465,-1.77886938314347,1.9850033658949
-0.116887062731036,-1.23462695003838,-0.126742615133479,-0.595116791565639,-0.141396218548227,-1.26841229364661,-1.23462695003838,-0.126742615133479,0.156479848362135
1.45568868889632,-1.20118218571386,-1.22101421618588,-0.0878995968202246,1.20365850201858,-1.08349641634135,-1.20118218571386,-1.22101421618588,1.46666052498585
0.590846284999171,-0.909120585922125,-0.530243752211021,-0.490718584252802,0.470135987730832,-0.874500724208229,-0.909120585922125,-0.530243752211021,0.48205551069163
1.85881065447681,0.356684482400335,-0.304708108110391,0.731214883468841,1.63141801565696,0.457907689291803,0.356684482400335,-0.304708108110391,-0.10868465382454
2.01281442154666,0.276950972136936,-0.31106128643524,-0.33038412796374,1.76614492348205,0.404296595352012,0.276950972136936,-0.31106128643524,-0.0861487256724056
-0.257568683612863,-0.306347140610045,1.38641400884681,-0.147948986620349,-0.246808074124521,-0.422724617646184,-0.306347140610045,1.38641400884681,-0.424723967311931
-1.34699867141316,-0.212065681525849,-0.0968876623655999,-1.64896838278886,-1.19293579319369,-0.257404778002485,-0.21206568152585,-0.0968876623655996,0.0205465481510073
-0.174381208852111,1.14094935144791,0.174280024996989,0.901780060869251,-0.116245252363024,1.15295234671646,1.14094935144791,0.17428002499699,0.198844681490641
0.590846284999171,-1.49647149565558,-2.19632043897544,-0.991945113675091,0.451366982508408,-1.34459577479949,-1.49647149565558,-2.19632043897544,3.28673093225249
1.68381093171395,0.887867036970244,0.32896223269676,0.973149836705143,1.50231922314511,0.961056422593867,0.887867036970244,0.32896223269676,0.292074722819589
-0.565490759538243,-0.43726876646684,-0.963598547944453,-0.200014492977012,-0.500499571355986,-0.40872314817213,-0.43726876646684,-0.963598547944452,0.421351548428908
1.5204093823716,0.577614143663872,-0.91463109173351,1.07440845402591,1.35321206286977,0.708007026164601,0.577614143663872,-0.91463109173351,-0.528303854820003
0.525714176705642,-0.0911707854281284,0.287227698304071,0.785626011534018,0.43207433262555,-0.0828560565405259,-0.0911707854281285,0.287227698304071,-0.0261867748510957
0.569022384266297,0.172502842433355,-0.406357316265038,-0.297859497773758,0.496734672265524,0.224957197595099,0.172502842433355,-0.406357316265038,-0.0700977920993089
0.590846284999171,0.047641703741894,-0.563698451393738,0.244526761782093,0.509128007426995,0.102106999776213,0.047641703741894,-0.563698451393738,-0.0268555546210649
2.01281442154666,0.758368026709418,-0.272701901702074,0.304543353379197,1.78573120450064,0.894861420563274,0.758368026709418,-0.272701901702074,-0.206808403073707
0.950168768602689,0.540195012222562,0.976589440665672,1.19125481450023,0.846352715277849,0.525873476077568,0.540195012222562,0.976589440665673,0.527548744836818
0.0879207108457032,0.215949926242378,-0.980352141697191,-0.721388603925558,0.0739220546779103,0.288219074116303,0.215949926242378,-0.980352141697191,-0.211706972691065
-0.69290198829546,0.87619211804825,1.48063891831793,0.309081532608912,-0.571166279064953,0.768961599128609,0.87619211804825,1.48063891831793,1.29732414990565
-0.357867510895327,-0.615803383555162,-0.464760427273776,-0.26443171882321,-0.328280302651976,-0.605426631379835,-0.615803383555162,-0.464760427273776,0.286201043657734
0.654582561876333,-0.0373683649177383,-0.423079886250318,-0.855035424992993,0.558932593493998,0.0236782972569547,-0.0373683649177383,-0.423079886250318,0.0158098035787571
-0.0879929948386072,-1.2583515558109,-0.0139946135835534,-0.771360681179465,-0.126785961585454,-1.28807936002388,-1.2583515558109,-0.0139946135835531,0.0176101437758364
0.590846284999171,-1.47865578463011,-2.1949008803889,-0.85647870110782,0.452344958505969,-1.32010104689025,-1.47865578463011,-2.1949008803889,3.24550288347678
-0.262109722138135,-0.978912475803444,-0.550939071603907,-2.82645344688965,-0.265592596661347,-0.966940859289326,-0.978912475803444,-0.550939071603907,0.539321130600631
0.315651910489843,-1.16936628420099,-0.925644289374855,-1.04084361218389,0.222257398393012,-1.12714313357762,-1.16936628420099,-0.925644289374855,1.08241722315814
0.045758985132851,1.51597968434229,0.0233171336593675,2.12824939330374,0.111926286922873,1.55051845159134,1.51597968434229,0.0233171336593678,0.0353483009246953
-0.438591355297891,0.335275788360908,-0.607828053488071,0.830845256178527,-0.373516085351544,0.370845903180237,0.335275788360908,-0.60782805348807,-0.203790029821089
-0.773116801026335,-0.839202454115027,-1.15082588577884,-1.32869609506418,-0.716408320986423,-0.802636581677128,-0.839202454115027,-1.15082588577884,0.965775907604701
-0.746421324260497,-0.693092709362984,0.917902723580677,-0.221474290154854,-0.670803654716433,-0.800656255391826,-0.693092709362984,0.917902723580677,-0.636191685618194
-0.724851211228702,0.345189473506192,1.43832854617208,1.05638458299227,-0.614102631247616,0.242736967823168,0.345189473506192,1.43832854617208,0.496495873582066
1.89001390427405,1.59719466788259,1.17321825930711,1.44874843635421,1.69022034538063,1.61905392099626,1.59719466788259,1.17321825930711,1.87385794802782
0.590846284999171,-1.3305575509583,-0.546676109576925,-0.583190995138654,0.453156923455724,-1.29976428958158,-1.3305575509583,-0.546676109576925,0.727384025526084
0.129845091124972,0.0810338880354527,-0.42531744099061,0.752957353423051,0.118094927638099,0.0785516110320813,0.0810338880354527,-0.42531744099061,-0.0344651258927584
3.43478255809415,-2.05229892629332,-2.24060885388424,-1.10747872158336,2.92296038818825,-1.80319430534506,-2.05229892629332,-2.24060885388424,4.59839914506994
-0.935849303959162,-1.01337365858402,0.331111320827663,-0.804320493857526,-0.870711112635729,-1.12387668292478,-1.01337365858402,0.331111320827664,-0.335539490585716
0.822484300575631,0.826052227452977,1.0642771288211,1.33165069436933,0.74503783148,0.804784050745045,0.826052227452977,1.0642771288211,0.879148492889928
-1.52279620588737,-0.122532461345302,0.585550881514671,-0.184903201591623,-1.33432204098307,-0.24566730101181,-0.122532461345302,0.585550881514672,-0.0717489907549039
0.590846284999171,-0.947922326356832,-1.48248799770431,-0.806910709184386,0.471750697183544,-0.834058148117069,-0.947922326356832,-1.48248799770431,1.40528347157996
-0.499330930876312,0.392713460731956,-1.11156221163592,1.0660006321047,-0.415419258745819,0.471082587105814,0.392713460731955,-1.11156221163592,-0.436525442950408
-0.125181722656731,-0.898718206508699,-1.02602413616727,-0.163978876273034,-0.139805073193579,-0.838090328415771,-0.898718206508699,-1.02602413616727,0.922106571490885
-0.470522856901866,1.26413312638553,0.195496085832509,0.316498545786198,-0.354355875424744,1.26809063818165,1.26413312638553,0.195496085832509,0.247133078179584
0.996410814325474,-1.1101742534827,-0.504151974000914,0.884451353961024,0.82494906840817,-1.02256792676947,-1.1101742534827,-0.504151974000914,0.559696541378293
-1.52074918177992,-2.01792772061806,-0.513794777361346,-0.139826704583467,-1.42222302928182,-2.08589629457089,-2.01792772061806,-0.513794777361346,1.03680072394624
0.765910547429414,0.0935979429264253,0.0869835886094846,-0.195023161954512,0.673268243381203,0.109234586716731,0.0935979429264252,0.0869835886094849,0.00814148496220622
-0.204530173309211,-0.314148252522944,-0.603925247807003,-1.11265369146662,-0.202680005035178,-0.27157387544421,-0.314148252522944,-0.603925247807003,0.189722061253056
-0.657386976643287,0.233453013818458,-0.548280566177596,-0.725708872060577,-0.576999940126125,0.257661878817394,0.233453013818458,-0.548280566177595,-0.12799775059225
-1.3005851030342,0.43890868637369,0.859482298423813,-1.11681286061394,-1.12028912056175,0.338418206812235,0.43890868637369,0.859482298423813,0.377234246562636
-0.60669325747823,-0.247710855422283,-0.895133546511036,0.949588899048048,-0.532309555989971,-0.207385814268678,-0.247710855422283,-0.895133546511036,0.221734296523431
0.411155671685014,0.0758952013539515,-1.5899488808397,1.45781761970605,0.339777104687714,0.21584979722375,0.0758952013539515,-1.5899488808397,-0.120669490453819
-0.402924849961614,-0.255576786031931,-0.87867682783231,-0.821499591964513,-0.33992785893187,-0.219466162202205,-0.255576786031931,-0.878676827832309,0.224569399618114
-1.29825233680332,-0.0469644705401811,-0.586223122873347,-0.181915122218714,-1.13479825831544,-0.0713347445934401,-0.0469644705401812,-0.586223122873347,0.0275316585841583
-0.860669782744805,-0.916963969900739,-1.3543626931646,-1.44495980486739,-0.776111693760284,-0.890306204420517,-0.916963969900739,-1.3543626931646,1.24190179180967
0.609596172396139,0.166697683384428,-0.304300940682938,-0.137902855436693,0.533667297859302,0.224269239298453,0.166697683384428,-0.304300940682938,-0.0507262618635481
-0.844348329909898,-0.969650688358625,-0.297271683299539,-0.243750396142333,-0.776075897621428,-1.0315006759612,-0.969650688358625,-0.297271683299539,0.288249692340925
-1.75395235365914,-2.04616154681654,-2.15371134727602,-0.963911709971738,-1.62235606016416,-2.00056905608465,-2.04616154681654,-2.15371134727602,4.40684134173865
1.24274346944158,0.325109388955274,-0.751771370481081,-0.459899381399893,1.09087828101668,0.434435419186567,0.325109388955274,-0.751771370481081,-0.244407930891173
0.723923556332467,1.41828376212424,-1.35993317352065,0.731676164729756,0.688321184566978,1.57554768784865,1.41828376212424,-1.35993317352065,-1.92877113757841
0.818088163761975,1.03934048285469,1.12938076383297,0.937176775443624,0.741734946586236,1.0086203952674,1.03934048285469,1.12938076383297,1.17381114840896
-0.479446542141422,-0.454699919958851,-0.761743246902415,0.526449090124635,-0.438260317643223,-0.426321984214218,-0.454699919958851,-0.761743246902414,0.346364593395723
2.01281442154666,0.468198063364541,1.27418271579924,-0.099900912041469,1.76852310297386,0.463861308306406,0.468198063364541,1.27418271579924,0.596569879909775
0.299970383886332,0.418947910877064,-0.876695622558526,1.04343286949572,0.272444955940976,0.498527742103399,0.418947910877064,-0.876695622558526,-0.367289799545962
0.914061637961141,0.00144632231793644,-0.658100961329271,0.826462846737088,0.807393641804517,0.102775630843053,0.0014463223179364,-0.658100961329271,-0.000951826107825922
0.734273993939343,-1.11986461337127,-0.178965947307875,0.888341434011865,0.578420909484228,-1.09160621257709,-1.11986461337127,-0.178965947307874,0.200417631388556
-0.839006233058161,-0.649633067667842,-1.23730127947884,-0.906038635957371,-0.759187517964455,-0.602806159161923,-0.649633067667842,-1.23730127947884,0.803791825817183
-0.0517337804351161,0.106591650420151,-0.890917851770016,0.982328435488735,-0.0360514177699951,0.181520121192761,0.106591650420151,-0.890917851770015,-0.0949644042089415
-1.60076167172286,-1.74074563425085,-0.784196973529245,-0.871244339089567,-1.47070103653745,-1.79000385584519,-1.74074563425085,-0.784196973529245,1.36508745806377
-0.98849397737103,-0.0703051413698841,0.0216246944902228,-1.84079814201008,-0.863386999563066,-0.116718777546068,-0.0703051413698841,0.0216246944902231,-0.00152032720321569
-0.674066780424648,-0.00967853232085721,0.417631330685709,2.25361813868836,-0.603243355043241,-0.0470892560992754,-0.00967853232085725,0.41763133068571,-0.00404205833224426
1.36424427069016,0.300844315639043,-0.0719107438456922,0.156833811009974,1.20181772854945,0.358528635796046,0.300844315639043,-0.0719107438456919,-0.0216339385193517
0.455035386446282,-0.562347348797975,0.96602304926892,0.963675651126275,0.352047892663785,-0.615044164801803,-0.562347348797975,0.96602304926892,-0.543240500634113
0.305894503141055,0.846210986299853,1.05614413123753,1.23347742680807,0.299873842297088,0.806785440172794,0.846210986299853,1.05614413123753,0.893720766969312
-0.15315762801414,-0.969741375705041,-0.492962260764332,-0.204902007734058,-0.18495426117464,-0.963237115259405,-0.969741375705041,-0.492962260764332,0.47804590092427
-1.0975405718848,-0.104765598580614,-0.635125439616966,0.632249248765264,-0.955277831155524,-0.0837080038926047,-0.104765598580614,-0.635125439616966,0.0665392968552472
-0.542317057394942,0.652822149033249,-1.23333812415016,-1.14970472103746,-0.437894911721948,0.754447244856188,0.652822149033249,-1.23333812415016,-0.805150444692342
-2.09894823212079,-1.99712262626177,-1.45938245021357,0.263592544249543,-1.92672532785873,-2.01378591546652,-1.99712262626177,-1.45938245021357,2.91456571169086
-1.73608973449738,-1.38011965181576,-1.24841257594193,-0.780944237199372,-1.57511364972809,-1.38783943316364,-1.38011965181576,-1.24841257594193,1.72295872963139
0.349194559033987,0.846898377720815,-0.406204875678764,1.75352460118213,0.338334268025464,0.909481227200517,0.846898377720815,-0.406204875678764,-0.34401425023463
0.80615092951454,1.1986263144754,0.54225432521924,0.962939661514033,0.743431504910553,1.21058424644922,1.1986263144754,0.54225432521924,0.649960303345884
1.28592608502045,0.818471912642674,0.663394042123912,1.63744873869698,1.14487706854632,0.843478661216943,0.818471912642674,0.663394042123912,0.542969390492913
0.616177427637356,0.566555689751429,-0.287985538125111,0.81297138970747,0.562084754991496,0.615452981895222,0.566555689751429,-0.287985538125111,-0.163159845190909
1.67473496317229,0.527448800340492,1.19193023676953,2.16430047357594,1.47289750658611,0.516907852975606,0.527448800340492,1.19193023676954,0.62868217347365
0.134066463315032,0.658557220994013,1.46329773634655,1.12711328782326,0.170862880135981,0.578163156625413,0.658557220994013,1.46329773634655,0.963665290735216
-0.338887467948473,0.141865212103684,-0.391488971563774,-0.708559635695288,-0.310440916041074,0.169605096256136,0.141865212103684,-0.391488971563774,-0.0555386659871478
0.220031750612456,0.53120044488146,1.45314992889586,0.72886674576815,0.216503962895091,0.43477808030521,0.53120044488146,1.45314992889586,0.771913888708945
0.0848097658939182,0.464532106327157,-0.987225924390301,1.28111990299138,0.13480844656961,0.572216237479769,0.464532106327157,-0.987225924390301,-0.458598138077801
2.137743127897,1.58399093365453,0.986270134838568,2.24107337353695,1.92958642100711,1.6294480970782,1.58399093365453,0.986270134838569,1.56224295171852
-0.977289675435744,-0.385682764496718,-0.45488732538328,-0.535425743202972,-0.864247865525032,-0.403388506727968,-0.385682764496719,-0.45488732538328,0.175442201188342
0.0986844822377864,0.793801847254342,-0.624224886599937,1.23594492886463,0.134341722103453,0.856767143896868,0.793801847254342,-0.624224886599936,-0.495510868085161
-0.415266770637932,-1.77005828483258,-1.01497685298757,0.176324990501301,-0.434205064412938,-1.74728701084339,-1.77005828483258,-1.01497685298757,1.79656818754395
-0.642077534337528,-0.442892849331636,0.0520691835251123,-0.103738520623335,-0.590482579501203,-0.493556864893143,-0.442892849331636,0.0520691835251126,-0.023061069053809
2.24814358741575,0.995140165699199,0.21000490545336,0.651632642304045,1.99848614462791,1.08452534887498,0.995140165699199,0.210004905453361,0.208984316410502
0.24184233140329,1.41487370118014,-1.40821530998373,2.00268090718006,0.261470221731242,1.55701221218925,1.41487370118014,-1.40821530998373,-1.99244680769521
2.84458573315783,1.62311049489176,1.54015348912401,2.52934573261024,2.55275226356171,1.65650830382977,1.62311049489176,1.54015348912401,2.49983929194135
0.563262435103672,0.0240195348357228,-0.898158392544483,-0.299116773740188,0.488790018751435,0.101223847746862,0.0240195348357227,-0.898158392544482,-0.0215733467977189
-1.50391628843962,-0.82937764279335,-0.827468960230082,-1.43751543311028,-1.35223941931209,-0.832538473442226,-0.82937764279335,-0.827468960230081,0.686284255720289
-0.631333156137122,-0.69706504267154,0.413001205056551,0.96900383723491,-0.571135533929799,-0.776026791659075,-0.69706504267154,0.413001205056551,-0.287888702626142
-2.14030098211764,-2.43627417611186,-0.27119955396748,-0.379716071593548,-1.98506366528607,-2.56526440615537,-2.43627417611186,-0.27119955396748,0.660716469904024
0.389862690471395,-1.77472671262343,-1.34548412377741,0.342838926056962,0.263931118761838,-1.69896152287757,-1.77472671262343,-1.3454841237774,2.38786661587849
-0.486892839293794,-0.388438736713095,-0.338805523059873,0.727859742761938,-0.429481218708642,-0.383478715376669,-0.388438736713095,-0.338805523059872,0.131605189368796
-1.34176770855581,-0.320419966446197,-0.271340997020432,-2.02320878003475,-1.1868434867915,-0.356076329700017,-0.320419966446197,-0.271340997020431,0.0869430731607643
0.898094420170398,0.426539953830329,0.684356738404586,1.41202871474219,0.829874403732375,0.423101648302567,0.426539953830329,0.684356738404586,0.291905491602567
1.08287249819403,-0.518464759153094,-0.427751937286338,-0.392358239520189,0.921640403598119,-0.453608178221985,-0.518464759153094,-0.427751937286338,0.221774305142431
0.617902133372908,-1.19466918852711,0.775291178640344,-0.723894347222512,0.498580809345665,-1.25883399269178,-1.19466918852711,0.775291178640345,-0.92621648325849
-0.524133944370115,-0.412430660230776,-0.163264158157782,-0.936427499954588,-0.466347643588607,-0.427541641639686,-0.412430660230777,-0.163264158157782,0.067335144541036
0.103307929473534,-0.264128864322877,0.104285827147281,0.467749546748294,0.111807146511341,-0.257917659457317,-0.264128864322877,0.104285827147281,-0.0275448970893831
-1.58777426417845,0.0835984415046309,1.41748493262748,-1.064344383513,-1.38367411031981,-0.0811112840692528,0.0835984415046308,1.41748493262748,0.118499531223954
0.798773825454364,-0.445864009363111,-0.368655295004123,-0.244200903169376,0.677064022992388,-0.393628673876768,-0.445864009363111,-0.368655295004123,0.164370127903479
-0.500837653683844,-0.662346892882427,-1.15290465756113,-0.244971042039837,-0.473570652029536,-0.608413386460202,-0.662346892882427,-1.15290465756113,0.763622817725295
0.820580833821218,-0.662004297512708,1.35807519204513,-1.01817384620875,0.684246429536019,-0.741814879734505,-0.662004297512708,1.35807519204513,-0.89905161347927
0.0717734245770047,-0.106622206414373,-0.241750563464578,0.197832448984933,0.0761302523035832,-0.100373662227501,-0.106622206414373,-0.241750563464578,0.0257759784785111
2.01281442154666,0.431336322687038,0.752267236036037,-1.1645300274918,1.76852310297386,0.463861308306406,0.431336322687038,0.752267236036037,0.324480183269727
-0.0453351130605927,-0.510895213763002,1.37011558701075,0.368872539085138,-0.0542411197023734,-0.63509106556566,-0.510895213763002,1.37011558701075,-0.699985495705877
-0.771636098227521,-0.555151192846383,-0.377363314543155,-1.59222724473477,-0.695741462914359,-0.576427295053268,-0.555151192846383,-0.377363314543155,0.209493694205097
0.507532685820663,0.905248598037661,0.953719706738964,0.73532158391745,0.472191224291608,0.87143784109464,0.905248598037661,0.953719706738964,0.863353427446337
0.253306436001302,0.254287323884532,-0.437543231550179,0.464412025070183,0.229923376365553,0.294993238760949,0.254287323884532,-0.437543231550179,-0.111261697434685
-0.68362164918043,1.33086825272485,-0.0914967445952318,0.0547205775256986,-0.548401769481032,1.33816625213568,1.33086825272485,-0.0914967445952315,-0.121770112609468
-0.827761787005363,0.0886913226285068,0.0175120704517072,1.03177391699494,-0.717814454388907,0.0488285393380077,0.0886913226285068,0.0175120704517075,0.00155316869032553
-0.0514314221211366,0.340772650061956,-0.529999465929134,0.848739757068835,-0.0192821484677282,0.386228074210674,0.340772650061956,-0.529999465929134,-0.180609322536092
0.541826950872452,0.556988588884129,0.514878554727764,1.23610946761754,0.485504754402956,0.554957858471255,0.556988588884129,0.514878554727764,0.286781479644517
1.61754529171576,1.14035497643648,1.32774028170742,1.04456268627554,1.45111420284957,1.11792613013433,1.14035497643648,1.32774028170742,1.51409523766022
-0.0757337886390247,-1.98362030807034,-1.26820675565129,-1.23144569163451,-0.159751729674076,-1.93705727017462,-1.98362030807034,-1.26820675565129,2.51564067534189
0.13736223298292,0.945200671644821,0.485342843408087,1.64806650710579,0.176147974258986,0.941235107665612,0.945200671644821,0.485342843408088,0.458746381567332
-0.230758336223704,-0.340275365664313,-0.973852021187176,-1.31458145174179,-0.206588792680294,-0.271743609718122,-0.340275365664313,-0.973852021187175,0.331377852612397
-0.389411895924723,0.19946483597031,0.159640366700095,1.44910374781766,-0.345088646641367,0.186110348167857,0.19946483597031,0.159640366700095,0.0318426395580748
-0.504906885271149,-0.469164334038325,-2.42009966371104,-0.633830069491927,-0.455903227095126,-0.327456326926851,-0.469164334038325,-2.42009966371104,1.13542444703136
0.0972396850220482,-1.01046389435055,-0.620883139441514,-0.539070454288795,0.0461561118860914,-0.973502931594889,-1.01046389435055,-0.620883139441514,0.627379995016668
-0.899258245820758,0.164087245717952,0.35685662892336,1.87310288338585,-0.770322113953693,0.132999252148676,0.164087245717952,0.35685662892336,0.0585556213562275
-0.707846724289774,-1.67487506589895,0.148446701234597,-1.6473528829154,-0.683740628974814,-1.75583107248685,-1.67487506589895,0.148446701234597,-0.248629678512778
-0.656834531179867,0.517446781793942,-0.799055305578066,-1.5846301309765,-0.549433340320678,0.564894970027791,0.517446781793942,-0.799055305578066,-0.413468596346745
-1.00321227916808,-0.0531419278756055,-0.0474443568793945,-1.17123047646037,-0.876819089779867,-0.0945760521087471,-0.0531419278756056,-0.0474443568793942,0.00252128459138926
0.987919159210896,0.356684482400335,-0.304708108110391,0.674607562536372,0.889566735470658,0.425693714054576,0.356684482400335,-0.304708108110391,-0.10868465382454
-1.34632944762751,1.61319139143661,1.39971156903389,1.87726188945613,-1.11124590808676,1.49740371033078,1.61319139143661,1.39971156903389,2.2580026536597
0.470307414579048,0.98594809720393,-0.409806906168153,1.10985140184285,0.455503358926021,1.05439146064408,0.98594809720393,-0.409806906168153,-0.40404833935752
1.64625240488768,0.547604526251494,-0.372059906612933,1.16261807680584,1.46415833721004,0.652332700702844,0.547604526251494,-0.372059906612933,-0.203741688897951
1.46491872749603,1.35174483302208,1.43596669469857,0.957493303421729,1.3424714357574,1.34177326763072,1.35174483302208,1.43596669469858,1.94106055995059
-0.404421330623694,-1.80906548985759,-1.56726938585954,-1.42368599366617,-0.43340952747589,-1.74725246563486,-1.80906548985759,-1.56726938585954,2.8352929592688
-1.42299459822157,-0.120902961556235,-0.960886277786304,-0.968171088992577,-1.2522419829086,-0.142653224792235,-0.120902961556235,-0.960886277786303,0.116173996703112
-0.239649637912601,-1.26259463875221,0.599842561942439,-1.30790512174376,-0.288808835145229,-1.33427494783296,-1.26259463875221,0.59984256194244,-0.757358002803914
0.457359264384117,0.0438271755143774,0.462137693327816,1.11591083649307,0.386901321718478,0.0342178386393168,0.0438271755143774,0.462137693327817,0.0202541897972877
1.24016857460115,-0.962630965340655,-0.798219049493727,-0.204090645896628,1.04349592493027,-0.886471510142299,-0.962630965340655,-0.798219049493727,0.768390374167446
-0.914134178180413,-0.345725791346667,1.04917482202507,0.706490920272383,-0.832828267532927,-0.459193881024038,-0.345725791346667,1.04917482202507,-0.362726795605618
-0.585870065261008,1.50816007593543,1.22958012476043,1.40264897802782,-0.436422204185166,1.42465081842853,1.50816007593543,1.22958012476043,1.85440365432739
-0.804802649159701,0.284194006132248,0.1701475074938,0.773624353282115,-0.698895565647555,0.252368711888995,0.284194006132248,0.1701475074938,0.0483549017880797
0.508619160021059,1.05458108648071,1.13671410386577,0.268473351195972,0.498436366053261,0.995833080339239,1.05458108648071,1.13671410386577,1.19875719467271
0.590846284999171,0.306497814549434,-1.01528765068488,-1.01069557049858,0.521409235830531,0.409706929514909,0.306497814549434,-1.01528765068488,-0.311183446073946
0.27927577811681,-0.630793524506333,-0.706148994603388,-1.1855483128411,0.22249415750746,-0.578187632138797,-0.630793524506333,-0.706148994603388,0.445434213132474
0.0624060295909516,1.12220107141883,1.33511227569972,-0.516885576352529,0.119796544461833,1.04210551894372,1.12220107141883,1.33511227569972,1.49826442625466
0.0321785561054046,0.351830881228269,-0.373428942713949,-0.197324369754844,0.0375000126087322,0.388693769397399,0.351830881228269,-0.373428942713949,-0.13138383399119
0.37375529237032,1.59840042424179,1.19029023955335,-0.637151721223419,0.39034162174314,1.56260829350591,1.59840042424179,1.19029023955335,1.90256042387294
1.77457702456874,-0.76699784011615,-0.128500160956497,-0.5003754773774,1.518563371692,-0.705585697373502,-0.76699784011615,-0.128500160956497,0.0985593459082109
-0.620391932553752,1.44510637258727,1.52597009336203,0.653716438995831,-0.463357137972419,1.34185921018084,1.44510637258727,1.52597009336203,2.20518910629507
0.101138291128007,-2.15848197775409,-0.676358894395693,-1.42459122109431,-0.0084018357861842,-2.15123371424825,-2.15848197775409,-0.676358894395692,1.45990848404678
0.813500426787055,1.28948085415058,-0.413081541934795,0.645267296843656,0.77731962703281,1.37772427896192,1.28948085415058,-0.413081541934794,-0.532660739527918
-0.850444366403006,0.341230123708526,-0.52352221951211,0.165234158145871,-0.717675147680251,0.355901221129232,0.341230123708526,-0.523522219512109,-0.178641551728279
-0.942462585117464,-0.0388002100884169,-0.849284175393447,-0.43291812162872,-0.821270070296801,-0.0128336244746597,-0.0388002100884169,-0.849284175393447,0.0329524044300337
0.00168815850768848,0.144140948605391,0.509052976240243,-0.251233526965184,-0.00375601309808062,0.101167730515358,0.144140948605391,0.509052976240243,0.0733753788856661
-0.944217738248522,0.819665802288609,0.188912545418557,0.752374089478016,-0.795626562436938,0.776396012511658,0.819665802288609,0.188912545418558,0.154845153102885
-1.28602049893589,-0.228456792969005,-1.40523561690179,-0.306633920876911,-1.14149726776327,-0.190317989558724,-0.228456792969005,-1.40523561690179,0.321035622403205
0.878444652310842,0.462020545702048,1.18671690340657,-0.595123147690655,0.783050343151295,0.421068371325951,0.462020545702048,1.18671690340657,0.54828759130575
-0.520260741305335,1.57315109154601,0.832791723601198,0.624004082507029,-0.386900658527705,1.52885750781785,1.57315109154601,0.832791723601199,1.31010720901371
0.224398843738259,-0.198463744053671,0.223526831054284,1.87903674379545,0.192460133655303,-0.217679957052981,-0.198463744053671,0.223526831054285,-0.0443619717874857
-0.354362581238713,-0.358210129241337,0.118340396439506,-0.490205190294026,-0.332357569389061,-0.382583539733302,-0.358210129241337,0.118340396439507,-0.0423907287030668
-0.56115869378487,-0.294682397558958,-0.384735184967671,0.800221754524895,-0.512496753561776,-0.3031698584484,-0.294682397558958,-0.384735184967671,0.113374686731563
-1.48207260266471,-0.274857894180272,-1.60033117512262,0.0364467359014082,-1.3076930932509,-0.241188673032527,-0.274857894180272,-1.60033117512262,0.439863656785244
0.735828030320179,0.815601099037631,-0.694231761222695,0.309687378080532,0.684957298542198,0.925563490921098,0.815601099037631,-0.694231761222695,-0.56621618744006
-0.180835867108725,-2.35887978793401,-2.30963870347116,-1.08845230311919,-0.260881008349845,-2.24748472982353,-2.35887978793401,-2.30963870347116,5.44816005504821
-0.160918849218214,-1.31789654143782,-0.338265088226971,-1.46322890516901,-0.196091648977003,-1.33127940547701,-1.31789654143782,-0.33826508822697,0.445798389863484
-0.309272507592702,1.59922211003146,1.20192426782358,2.2332948610675,-0.187617906928937,1.53751111507942,1.59922211003146,1.20192426782358,1.92214386368685
-1.33339912031227,-1.00149684324651,-0.870705060744824,-1.63131943617901,-1.20515674839477,-1.00774027168654,-1.00149684324651,-0.870705060744823,0.872008369734703
-1.45093899053516,-1.44874212886348,-1.25255049330033,-0.479777862687265,-1.32311852402387,-1.43738888652981,-1.44874212886348,-1.25255049330033,1.81462266817293
-0.959670099857346,0.0882269767348631,-0.183469037963591,-0.34161544845196,-0.827317094636378,0.0866683564906209,0.088226976734863,-0.18346903796359,-0.0161869185439814
0.0422085449320069,-0.19553384740692,-0.535029934580798,-0.123995016706818,0.0265798117969926,-0.138230188077953,-0.19553384740692,-0.535029934580797,0.104616461586456
-1.72797056091476,-0.901734126219302,-2.03619502589149,-1.6892082515998,-1.55063177570448,-0.838861704461655,-0.901734126219302,-2.03619502589149,1.83610654248435
-0.333613209563211,0.349208823894835,-0.859212266589242,0.365661642470162,-0.276545678545128,0.395358222016602,0.349208823894835,-0.859212266589242,-0.300044505091644
0.324559716592521,-0.670554894201068,-1.44842662303249,-1.02453482496898,0.26246489457561,-0.581996625773379,-0.670554894201068,-1.44842662303249,0.97124956096556
0.284610566370288,-1.51046693253554,-1.07749934348836,-0.637373207145338,0.185551588668938,-1.45819475730116,-1.51046693253554,-1.07749934348836,1.62752712816791
-0.261515224583007,-0.818188523119292,0.463683440790592,-0.608951023948735,-0.273479171770091,-0.885459208095972,-0.818188523119292,0.463683440790592,-0.379380469615327
-0.953088970454784,-0.260988490462311,-0.436488722181628,-0.925814877350602,-0.836289956446989,-0.281210604609346,-0.260988490462311,-0.436488722181628,0.113918532706006
0.619214230435279,-1.66287199873368,-2.26789242429145,0.0759885467422746,0.483960210230614,-1.50572876195659,-1.66287199873368,-2.26789242429145,3.7712148084945
1.4403345198889,0.21318997782511,0.0846197235451296,1.21626400451526,1.26524779535944,0.281883390727088,0.21318997782511,0.0846197235451299,0.0180400769861532
-0.501050078779034,-0.969741375705041,-0.492962260764332,-0.596097543987921,-0.477519726967348,-0.97594140912804,-0.969741375705041,-0.492962260764332,0.47804590092427
-0.631825530146406,-0.0942848461678053,0.00293250126278895,-1.14294004350711,-0.548614050679171,-0.102917364468571,-0.0942848461678054,0.00293250126278925,-0.000276490430448979
-0.776474860318048,-0.778779119486309,-0.295308129372756,1.09393468078054,-0.711993382173599,-0.802444868414119,-0.778779119486309,-0.295308129372755,0.229979804970064
-0.631308015979766,-0.792050431464392,-0.4832130690425,-0.624706076272043,-0.573515960143411,-0.796431657460191,-0.792050431464392,-0.4832130690425,0.382729119824345
-0.0187866026318401,-0.757338651467863,0.00826169523469012,-0.601844530093716,-0.0435521259793923,-0.773418632765939,-0.757338651467863,0.00826169523469042,-0.00625690112787891
0.78405095877821,0.35082014280168,-0.387739716462908,1.1196591222502,0.700908654118432,0.417501469971007,0.35082014280168,-0.387739716462907,-0.1360269026994
1.90433839599364,0.922676078618091,1.17132353053031,0.518797429607692,1.70952502708839,0.928489831501608,0.922676078618091,1.17132353053031,1.0807522019428
0.46099128676922,0.859828885181361,0.126384136391603,0.867334284186223,0.429935102198935,0.871894633133331,0.859828885181361,0.126384136391603,0.108668731098201
0.123449396069398,0.871574145446921,1.34525258869566,-0.102367616920775,0.157368897898458,0.776012291831997,0.871574145446921,1.34525258869566,1.17248737540268
-0.867507075042449,-0.126358959888182,-0.521197951703023,-0.855048509904492,-0.770391526139326,-0.137132824524417,-0.126358959888182,-0.521197951703023,0.0658580310730449
0.590846284999171,-1.94507672783676,-0.72247856160334,-2.577873737629,0.428732653901603,-1.91150306292805,-1.94507672783676,-0.72247856160334,1.40527623653564
-0.742663601103215,0.357332752379596,-0.225527731067526,0.686491259181415,-0.616178199411165,0.38489364790611,0.357332752379596,-0.225527731067526,-0.0805884448802845
3.43478255809415,1.62311049489176,1.54015348912401,-0.27429240372552,3.06197526108164,1.67862068331938,1.62311049489176,1.54015348912401,2.49983929194135
1.56711317616027,1.40459343757385,1.21676659057085,0.661958786657841,1.41700461143744,1.40550180903785,1.40459343757385,1.21676659057085,1.70906236817492
1.26954985599122,0.543878846756995,-0.424810801309619,-0.0281660026774285,1.12597778641871,0.637647628128492,0.543878846756995,-0.424810801309619,-0.23104560870619
-1.20676498083828,-0.225965877402867,-0.360275043614565,-1.33322202851498,-1.05620021854834,-0.22930665603961,-0.225965877402867,-0.360275043614565,0.0814098663367214
-1.08350964117175,0.0124029758803531,1.06483838282757,-2.00565140972261,-0.954234635443328,-0.100229438457728,0.0124029758803531,1.06483838282757,0.0132071647786845
-0.783525452395299,-0.0616781572084499,-0.76727570210592,-0.870958201425872,-0.67176648410089,-0.0297632895799062,-0.0616781572084499,-0.767275702105919,0.0473241513767127
0.161278738024789,1.33289910197076,1.16913505348043,1.76080640477809,0.228260192393772,1.29339002106717,1.33289910197076,1.16913505348043,1.5583390628666
-1.32515886050596,-1.45974858067086,-1.41196229856127,-1.0849285397856,-1.2104423337465,-1.43476757788934,-1.45974858067086,-1.41196229856127,2.06110996128559
-0.0454756661296625,0.363272888145088,0.841145826923764,-0.420736869424636,-0.0545581512481537,0.300649766723033,0.363272888145088,0.841145826923764,0.305565473897784
-0.508204773444514,-0.241985831597707,-0.25253635787707,0.760577351400698,-0.44528905777282,-0.240677413382218,-0.241985831597707,-0.25253635787707,0.0611102205695389
-0.123747576319776,-1.78130357360606,-1.31077581468362,0.43253552138801,-0.185153225321047,-1.73889674107518,-1.78130357360606,-1.31077581468362,2.33488964289233
0.274471303219848,0.693864068760539,0.354536367852947,2.16398789309562,0.269136172805509,0.681031744872589,0.693864068760539,0.354536367852947,0.246000046722029
-0.407857062244578,-1.6533087477655,0.373640209908016,-0.747958603093449,-0.408126061282025,-1.72814477555119,-1.6533087477655,0.373640209908016,-0.617742627557862
-1.67029937665035,-0.385081662599646,-0.446376485167097,-1.1599254302955,-1.4754068524831,-0.429927330610488,-0.385081662599647,-0.446376485167096,0.171891399053532
-0.142167531494046,1.06408417449215,-0.13081412759237,-0.492817221921013,-0.074394905954344,1.09656932788717,1.06408417449215,-0.13081412759237,-0.139197242971038
-1.53253076494279,-1.26959939309029,-0.551906340932123,-0.833599658593603,-1.3892550673186,-1.2980139751405,-1.26959939309029,-0.551906340932123,0.700699955490104
0.520763572816328,0.345667910958151,-0.305585910212291,1.2288322974843,0.47766244047461,0.408837865873947,0.345667910958151,-0.305585910212291,-0.105631243201328
-0.719153973529265,-0.481015720277891,1.12095923661526,0.156877781746853,-0.663409368423117,-0.59532481253234,-0.481015720277891,1.12095923661526,-0.539199014602644
-1.13967136964748,-0.00550127987113176,-0.420540712027019,0.220254245538778,-1.00171177801019,-0.0237892575653727,-0.0055012798711318,-0.420540712027019,0.00231351215406568
-1.2295361327339,0.588088606425557,0.422824420328696,0.653801427154476,-1.0495028354837,0.52205010838421,0.588088606425557,0.422824420328697,0.248658224113797
-0.180187778523775,-1.10999630003632,-0.227067625388809,1.37778377046071,-0.20538521532179,-1.12562182887724,-1.10999630003632,-0.227067625388809,0.252044224039611
-0.32939629261065,0.194725089239344,1.11595484507944,-0.383253919464187,-0.266949571909841,0.10877924911542,0.194725089239344,1.11595484507944,0.217304406795172
0.66788540607188,-0.448818901369779,-0.787780869257862,0.666873729147929,0.581258846585621,-0.363010250490004,-0.448818901369779,-0.787780869257862,0.353570944260443
-0.216640639135772,-0.222847965657215,0.803019343036855,-0.777327837154393,-0.189070838053941,-0.29785967331774,-0.222847965657215,0.803019343036855,-0.178951226979157
-0.149172004139497,-0.295970453056814,-0.34655067039877,-1.39904443531295,-0.145937849800382,-0.269109917461703,-0.295970453056814,-0.34655067039877,0.102568758925067
-0.300227267433701,0.650292899992803,-0.863217903409379,0.912534540491759,-0.231876613615493,0.739971661288114,0.650292899992803,-0.863217903409379,-0.561344473733792
1.42140363334699,-1.44573611619685,-0.72389979574467,0.621797717124247,1.17457277735493,-1.36806947631294,-1.44573611619685,-0.72389979574467,1.04656807921559
0.590846284999171,-0.813113381262413,1.34603479707951,1.63417151017338,0.469519925391492,-0.889930836414365,-0.813113381262413,1.34603479707951,-1.09447890515019
-1.28559905909072,-1.18452835629598,-0.579285942952225,-0.938708243517336,-1.16172518169755,-1.2096319538379,-1.18452835629598,-0.579285942952224,0.686180625830562
0.63650729119111,0.440934818704029,1.37613176775705,1.50462336263122,0.577637644519914,0.348221659051298,0.440934818704029,1.37613176775705,0.60678441152881
-0.510595210698215,0.351652557379306,-0.974922950357909,1.00637949340504,-0.435619714854865,0.424057736284952,0.351652557379306,-0.974922950357909,-0.342834148741137
-0.532473219001288,-0.392304146902271,-0.364387636949886,1.2378864552088,-0.480574470748452,-0.389019675543337,-0.392304146902271,-0.364387636949886,0.14295078105536
1.40558548943408,0.300225411445037,0.127780628838644,1.10745886772455,1.23171712920533,0.362049355006458,0.300225411445037,0.127780628838645,0.0383629918677876
-0.195885726196175,0.454680769749293,1.08279498823574,1.87497374648466,-0.148642707079443,0.380610751786227,0.454680769749293,1.08279498823574,0.492326058731701
-1.30214691539257,-0.490177692870714,1.28479277541444,1.09772360487221,-1.15925871075223,-0.638188543198622,-0.490177692870714,1.28479277541444,-0.629776758469613
1.53537854060431,0.93582972934015,1.48539085233105,0.885995209101523,1.35304107648666,0.892575670977155,0.93582972934015,1.48539085233105,1.3900729193013
0.390611857116367,-0.165455090817655,-0.47098837152074,0.484006939331215,0.338618327282995,-0.108246353730961,-0.165455090817655,-0.470988371520739,0.0779274237840236
-0.93350863962708,-0.0703253732097684,-0.10649007892736,-1.25810950625784,-0.819618138723884,-0.0943838834150159,-0.0703253732097684,-0.10649007892736,0.00748895454370428
0.393890532066918,-0.719464637351437,-0.238709548052206,0.528862163501302,0.325661381228382,-0.699185673989117,-0.719464637351437,-0.238709548052206,0.171743078421706
-1.75170745835013,-1.11657462777795,-0.359361128488014,-0.424873023362611,-1.57812633772298,-1.18608007518467,-1.11657462777795,-0.359361128488014,0.40125351827937
0.763896046255999,1.06141872465536,1.4128334658627,1.82076304227328,0.718821795668317,1.01094771882529,1.06141872465536,1.4128334658627,1.4996078954864
0.453038435801066,-0.151452330988047,-0.427829930571056,-0.641905457820178,0.380880822210986,-0.107441744002128,-0.151452330988047,-0.427829930571056,0.0647958402514405
0.867406069494034,0.462842231491722,1.1983509316768,0.50340051439948,0.783868308882659,0.421103890477198,0.462842231491722,1.1983509316768,0.554647419327476
-0.433338183411622,0.785770428971391,0.0452796509790831,-0.0322035615893852,-0.347623306261501,0.777638089625533,0.785770428971391,0.0452796509790834,0.0355794107735092
-1.26499193028423,-0.708379708506146,-0.530419338337052,-0.167797996384645,-1.13391847200132,-0.742264626977099,-0.708379708506146,-0.530419338337051,0.375738296277223
